,feature_name
JCHAIN,JCHAIN
HBB,HBB
HBA2,HBA2
HBA1,HBA1
IGKC,IGKC
IGHA1,IGHA1
IGHA2,IGHA2
S100A8,S100A8
IGLC2,IGLC2
IGLC3,IGLC3
IGHM,IGHM
IGKV3-20,IGKV3-20
PRB3,PRB3
PPBP,PPBP
IGHG1,IGHG1
TPSB2,TPSB2
IGHG2,IGHG2
S100A9,S100A9
IGHV3-23,IGHV3-23
IGKV1-5,IGKV1-5
IGKV3-11,IGKV3-11
IGLV2-14,IGLV2-14
IGHV3-30,IGHV3-30
IGKV4-1,IGKV4-1
TPSAB1,TPSAB1
IGHV4-39,IGHV4-39
PF4,PF4
APOE,APOE
IGHV4-59,IGHV4-59
CLC,CLC
IGKV3-15,IGKV3-15
IGLV3-21,IGLV3-21
CCL18,CCL18
IGHV3-21,IGHV3-21
IGHV3-7,IGHV3-7
IGLV2-23,IGLV2-23
IGHV4-31,IGHV4-31
IGHG3,IGHG3
IGHV5-51,IGHV5-51
IGHV3-74,IGHV3-74
IGHV1-2,IGHV1-2
IGLV2-8,IGLV2-8
IGKV1-9,IGKV1-9
IGHV3-33,IGHV3-33
IGLV1-40,IGLV1-40
IGLL5,IGLL5
IGLV1-44,IGLV1-44
IGKV1-39,IGKV1-39
IGLV2-11,IGLV2-11
IGHV1-18,IGHV1-18
IGHV3-48,IGHV3-48
RNASE1,RNASE1
HBG2,HBG2
HBD,HBD
IGKV1-17,IGKV1-17
IGKV1D-13,IGKV1D-13
IGLV3-1,IGLV3-1
IGKV1-8,IGKV1-8
IGKV2D-28,IGKV2D-28
CXCL8,CXCL8
CA1,CA1
IGHV4-61,IGHV4-61
IGLV3-19,IGLV3-19
APOC1,APOC1
IGLV3-25,IGLV3-25
IL1B,IL1B
IGKV1-6,IGKV1-6
IGHV1-46,IGHV1-46
IGHV4-34,IGHV4-34
IGKV1-27,IGKV1-27
IGHV5-10-1,IGHV5-10-1
IGHV3-11,IGHV3-11
LCN2,LCN2
IGHV2-5,IGHV2-5
IGLV1-51,IGLV1-51
IGKV1-16,IGKV1-16
IGKV1D-8,IGKV1D-8
C1QB,C1QB
IGHV4-28,IGHV4-28
IGHV1-69D,IGHV1-69D
CXCL5,CXCL5
IGHG4,IGHG4
LYZ,LYZ
IGHV6-1,IGHV6-1
IGLV1-47,IGLV1-47
IGKV2-30,IGKV2-30
IGHV3-15,IGHV3-15
GNLY,GNLY
S100A12,S100A12
MMP9,MMP9
CHIT1,CHIT1
IGHV3-53,IGHV3-53
HSPA1A,HSPA1A
IGHV3-66,IGHV3-66
IGLV4-69,IGLV4-69
HSPA6,HSPA6
IGHV3-43,IGHV3-43
IGHV1-69,IGHV1-69
CCL20,CCL20
HBM,HBM
C1QA,C1QA
IGLV3-10,IGLV3-10
IGLV7-46,IGLV7-46
CCL4,CCL4
CPA3,CPA3
IGLV6-57,IGLV6-57
IGHV1-3,IGHV1-3
G0S2,G0S2
SELENOP,SELENOP
IGLL1,IGLL1
IGHV3-20,IGHV3-20
IGHV3-64D,IGHV3-64D
CCL3,CCL3
PTGDS,PTGDS
IGHV2-26,IGHV2-26
CCL4L2,CCL4L2
IL1R2,IL1R2
SERPINB2,SERPINB2
IGLV7-43,IGLV7-43
IGLV3-9,IGLV3-9
IGLV8-61,IGLV8-61
IGHV3-49,IGHV3-49
IGLV5-45,IGLV5-45
TUBB1,TUBB1
IGHV3-13,IGHV3-13
IGHV3-73,IGHV3-73
CXCL3,CXCL3
FN1,FN1
CAMP,CAMP
AHSP,AHSP
IGHV1-24,IGHV1-24
IGKV2D-29,IGKV2D-29
EREG,EREG
PRG2,PRG2
HSPA1B,HSPA1B
IGKV2-24,IGKV2-24
MT1G,MT1G
CXCL1,CXCL1
CAVIN2,CAVIN2
GP9,GP9
LYVE1,LYVE1
CTSG,CTSG
CXCL2,CXCL2
ALAS2,ALAS2
MS4A3,MS4A3
CXCL10,CXCL10
AREG,AREG
IGHV1-58,IGHV1-58
THBS1,THBS1
IGLC7,IGLC7
IGLV9-49,IGLV9-49
TRBV7-2,TRBV7-2
PLTP,PLTP
RETN,RETN
C1QC,C1QC
NKG7,NKG7
FTL,FTL
GNG11,GNG11
PRTN3,PRTN3
NRGN,NRGN
FCER1A,FCER1A
CCL3L3,CCL3L3
CCL2,CCL2
IFI27,IFI27
XCL1,XCL1
DNAJB1,DNAJB1
ELANE,ELANE
S100P,S100P
VCAM1,VCAM1
ABCA13,ABCA13
NEAT1,NEAT1
DCN,DCN
MPO,MPO
AZU1,AZU1
CST3,CST3
HBG1,HBG1
TRBV11-2,TRBV11-2
FCGR3B,FCGR3B
MT2A,MT2A
MGP,MGP
CCL22,CCL22
SLPI,SLPI
TRBV12-3,TRBV12-3
TCL1A,TCL1A
IFNG,IFNG
MZB1,MZB1
F13A1,F13A1
MT1E,MT1E
TRBV5-1,TRBV5-1
CA6,CA6
ZG16B,ZG16B
CCL5,CCL5
VCAN,VCAN
CXCL9,CXCL9
TRBV7-9,TRBV7-9
STMN1,STMN1
TRBV4-2,TRBV4-2
MT1H,MT1H
MT1X,MT1X
PMCH,PMCH
UBE2C,UBE2C
TRBV7-6,TRBV7-6
CD163,CD163
TRBV7-3,TRBV7-3
TRBV20-1,TRBV20-1
TRBV10-3,TRBV10-3
LYPD2,LYPD2
TRBV12-4,TRBV12-4
MYL9,MYL9
GPNMB,GPNMB
TRBV6-6,TRBV6-6
INHBA,INHBA
XCL2,XCL2
CD74,CD74
IL1RN,IL1RN
IGLV5-52,IGLV5-52
IFITM2,IFITM2
MRC1,MRC1
IFITM3,IFITM3
JUN,JUN
TOP2A,TOP2A
TRBV3-1,TRBV3-1
CTSK,CTSK
GZMB,GZMB
IL1RL1,IL1RL1
GATA2,GATA2
PDK4,PDK4
TMEM40,TMEM40
MARCO,MARCO
TRBV4-1,TRBV4-1
TRBV30,TRBV30
TRBV6-5,TRBV6-5
SLC25A37,SLC25A37
AKAP12,AKAP12
CYP4F3,CYP4F3
CMTM5,CMTM5
CLU,CLU
HDC,HDC
VSIG4,VSIG4
FBP1,FBP1
NUPR1,NUPR1
TRBV6-1,TRBV6-1
HSPB1,HSPB1
TRBV13,TRBV13
FCN1,FCN1
CSF2,CSF2
MT-ATP8,MT-ATP8
NAMPT,NAMPT
PTGS2,PTGS2
HSP90AA1,HSP90AA1
HLA-DRA,HLA-DRA
RGS1,RGS1
CSF3R,CSF3R
PLAUR,PLAUR
VPREB1,VPREB1
CENPF,CENPF
CLEC1B,CLEC1B
MT1M,MT1M
KIT,KIT
HMOX1,HMOX1
ITGA2B,ITGA2B
TRBV5-5,TRBV5-5
ACRBP,ACRBP
MS4A2,MS4A2
TRBV29-1,TRBV29-1
TREML1,TREML1
IL10,IL10
CH25H,CH25H
FOS,FOS
KLRB1,KLRB1
ARG1,ARG1
CTSL,CTSL
S100A11,S100A11
TIMP1,TIMP1
NFKBIA,NFKBIA
TRBV5-6,TRBV5-6
EGR1,EGR1
TRBV5-4,TRBV5-4
TRBV14,TRBV14
CD24,CD24
ACP5,ACP5
TRBV9,TRBV9
BAG3,BAG3
HPGDS,HPGDS
CHI3L1,CHI3L1
FTH1,FTH1
TRBV19,TRBV19
SLC4A1,SLC4A1
HSPH1,HSPH1
CD69,CD69
S100B,S100B
PTCRA,PTCRA
CTSS,CTSS
MNDA,MNDA
TRBV10-2,TRBV10-2
LGMN,LGMN
FGFBP2,FGFBP2
TRAV38-2DV8,TRAV38-2DV8
EMP1,EMP1
NPPC,NPPC
IL7R,IL7R
CMTM2,CMTM2
MEG3,MEG3
CD9,CD9
ARC,ARC
TRBV2,TRBV2
TIMP3,TIMP3
ALPL,ALPL
SAA1,SAA1
HPGD,HPGD
TRBV24-1,TRBV24-1
IER3,IER3
CTSB,CTSB
IGHD,IGHD
PADI4,PADI4
PF4V1,PF4V1
FBLN1,FBLN1
GZMK,GZMK
CDKN1C,CDKN1C
ZDHHC19,ZDHHC19
TRBV6-2,TRBV6-2
PRF1,PRF1
PROK2,PROK2
GCA,GCA
RGS18,RGS18
TNFAIP3,TNFAIP3
MMP19,MMP19
TSC22D1,TSC22D1
PMP22,PMP22
HAMP,HAMP
BASP1,BASP1
MKI67,MKI67
TRBV18,TRBV18
FOSB,FOSB
SAA2,SAA2
HLA-DRB1,HLA-DRB1
PRKAR2B,PRKAR2B
GZMA,GZMA
MMP25,MMP25
NUSAP1,NUSAP1
TNFAIP6,TNFAIP6
CXCR2,CXCR2
RRM2,RRM2
TRAV21,TRAV21
OLR1,OLR1
HK3,HK3
SAT1,SAT1
BPI,BPI
GZMH,GZMH
ACSL1,ACSL1
IL24,IL24
TRBV25-1,TRBV25-1
LUCAT1,LUCAT1
HP,HP
RPS17,RPS17
TCL1B,TCL1B
SOX4,SOX4
HLA-DPA1,HLA-DPA1
FABP5,FABP5
MT-ND4L,MT-ND4L
LGALS3,LGALS3
SLC40A1,SLC40A1
GYPA,GYPA
FPR1,FPR1
BCL2A1,BCL2A1
TRAV12-2,TRAV12-2
DEFB1,DEFB1
CA2,CA2
THBD,THBD
ZFP36,ZFP36
UTS2,UTS2
SDS,SDS
IDO1,IDO1
MYOM2,MYOM2
DOP1B,DOP1B
FOLR2,FOLR2
RGS13,RGS13
TRAV3,TRAV3
STAB1,STAB1
RHAG,RHAG
HLA-DPB1,HLA-DPB1
TRAV10,TRAV10
SNCA,SNCA
SPON2,SPON2
AIF1,AIF1
APOBEC3A,APOBEC3A
MS4A1,MS4A1
TRBV27,TRBV27
SERPINH1,SERPINH1
DUSP4,DUSP4
CCN2,CCN2
CLEC10A,CLEC10A
TNFAIP2,TNFAIP2
CST7,CST7
CMC1,CMC1
MCEMP1,MCEMP1
DUSP2,DUSP2
MS4A7,MS4A7
CALD1,CALD1
TNF,TNF
IFITM1,IFITM1
ANXA3,ANXA3
JUND,JUND
CTSD,CTSD
TRAV13-1,TRAV13-1
RARRES1,RARRES1
TYMS,TYMS
TRAV27,TRAV27
CDC20,CDC20
EEF1G,EEF1G
TRAV8-1,TRAV8-1
FCGBP,FCGBP
CPM,CPM
PENK,PENK
GYPB,GYPB
RBP4,RBP4
IL6,IL6
SPARC,SPARC
ANPEP,ANPEP
TXNDC5,TXNDC5
PCLAF,PCLAF
TRAV8-4,TRAV8-4
MMP1,MMP1
GP1BA,GP1BA
LMNA,LMNA
TRBV28,TRBV28
RPH3A,RPH3A
TRAV9-2,TRAV9-2
CD79A,CD79A
RGCC,RGCC
TRBV15,TRBV15
OLAH,OLAH
KLRD1,KLRD1
TUBB,TUBB
MSX1,MSX1
SPTA1,SPTA1
NLRP3,NLRP3
MAFB,MAFB
HMGB2,HMGB2
ATF3,ATF3
LPL,LPL
COL1A2,COL1A2
PCDH9,PCDH9
MMRN1,MMRN1
CDO1,CDO1
PTX3,PTX3
TRAV38-1,TRAV38-1
LST1,LST1
AQP9,AQP9
RGS16,RGS16
ANXA1,ANXA1
HLA-DRB5,HLA-DRB5
TRAV1-1,TRAV1-1
MS4A4A,MS4A4A
RRAD,RRAD
S100A6,S100A6
TGM2,TGM2
CD207,CD207
TRDC,TRDC
CLDN5,CLDN5
ASPM,ASPM
TRAV12-1,TRAV12-1
ALOX5AP,ALOX5AP
SRGN,SRGN
MAP3K7CL,MAP3K7CL
KLRC1,KLRC1
HLA-DQA1,HLA-DQA1
DAB2,DAB2
IL32,IL32
CSF1,CSF1
CDK1,CDK1
DUSP1,DUSP1
TNIP3,TNIP3
DNAJA4,DNAJA4
TRAV14DV4,TRAV14DV4
CXCL12,CXCL12
SCGB3A2,SCGB3A2
CLIC3,CLIC3
CD14,CD14
TRDV1,TRDV1
VNN2,VNN2
MSR1,MSR1
ITGB3,ITGB3
PIGR,PIGR
HEMGN,HEMGN
SERPING1,SERPING1
TCHH,TCHH
TYROBP,TYROBP
TRAV30,TRAV30
PLAT,PLAT
NMB,NMB
ENKUR,ENKUR
PLEK,PLEK
TRAV1-2,TRAV1-2
TRAV20,TRAV20
RASD1,RASD1
CEBPD,CEBPD
TUBA1B,TUBA1B
IGHE,IGHE
WFDC2,WFDC2
TRAV5,TRAV5
IFIT1B,IFIT1B
SLC18A2,SLC18A2
DERL3,DERL3
SERPINA1,SERPINA1
FCGR3A,FCGR3A
CTSW,CTSW
PLA2G2D,PLA2G2D
ORM1,ORM1
CCL19,CCL19
MGAM,MGAM
TRAV8-6,TRAV8-6
IFIT2,IFIT2
ULK1,ULK1
RAG1,RAG1
VPREB3,VPREB3
CD79B,CD79B
SERPINE1,SERPINE1
SCGB3A1,SCGB3A1
ADM,ADM
FCER1G,FCER1G
PLIN2,PLIN2
SFTPB,SFTPB
CFD,CFD
PPIF,PPIF
CD83,CD83
TMCC2,TMCC2
TNFSF15,TNFSF15
ACSM3,ACSM3
TRDV2,TRDV2
KEL,KEL
SLC11A1,SLC11A1
RHOB,RHOB
TRIM58,TRIM58
TRAV23DV6,TRAV23DV6
RGS2,RGS2
DNASE1L3,DNASE1L3
IL2,IL2
HSPD1,HSPD1
STEAP4,STEAP4
CEACAM3,CEACAM3
NFKBIZ,NFKBIZ
MXD1,MXD1
TRAV19,TRAV19
TRAV12-3,TRAV12-3
BCL6,BCL6
GDF15,GDF15
IL4,IL4
CNRIP1,CNRIP1
GPR183,GPR183
CLEC9A,CLEC9A
TNNI3,TNNI3
A2M,A2M
CES1,CES1
IGFBP6,IGFBP6
CA3,CA3
MARCKS,MARCKS
TRAV29DV5,TRAV29DV5
CTLA4,CTLA4
ZCCHC12,ZCCHC12
OSM,OSM
KLRF1,KLRF1
MAFA,MAFA
PLIN5,PLIN5
GSN,GSN
C5AR1,C5AR1
HLA-DQB1,HLA-DQB1
TPX2,TPX2
ZFAND2A,ZFAND2A
TNNC1,TNNC1
GCHFR,GCHFR
LTB,LTB
KLF2,KLF2
NBEAL2,NBEAL2
PTTG1,PTTG1
CD7,CD7
LINC02195,LINC02195
TPM2,TPM2
PPP1R15A,PPP1R15A
MS4A6A,MS4A6A
HSPE1,HSPE1
CXCL11,CXCL11
CXCR1,CXCR1
KRT86,KRT86
RAB27B,RAB27B
IL1R1,IL1R1
KLF6,KLF6
CYSTM1,CYSTM1
TRAV26-2,TRAV26-2
NIBAN1,NIBAN1
GLUL,GLUL
S100A4,S100A4
INSIG1,INSIG1
CYP1B1,CYP1B1
NR4A2,NR4A2
CEACAM1,CEACAM1
CCNB2,CCNB2
MME,MME
ACTA1,ACTA1
LGALS2,LGALS2
IL12B,IL12B
ID3,ID3
CTTN,CTTN
FFAR2,FFAR2
MELTF,MELTF
CRIP1,CRIP1
TNFRSF4,TNFRSF4
CYP27A1,CYP27A1
LGALS1,LGALS1
ADGRG3,ADGRG3
GATA1,GATA1
ALDOB,ALDOB
LRRK2,LRRK2
IFNB1,IFNB1
TRBC1,TRBC1
CDA,CDA
CYB5D2,CYB5D2
PRSS2,PRSS2
TRGC2,TRGC2
TRAV16,TRAV16
VEGFA,VEGFA
PLK1,PLK1
KLRC2,KLRC2
PHLDA1,PHLDA1
LRG1,LRG1
HES4,HES4
SPIC,SPIC
LTBP1,LTBP1
P2RX1,P2RX1
APLP2,APLP2
TRIM63,TRIM63
IL1A,IL1A
IER2,IER2
NR4A1,NR4A1
ITGAM,ITGAM
KLF4,KLF4
XPO6,XPO6
HMMR,HMMR
EGR4,EGR4
CXCL14,CXCL14
NR4A3,NR4A3
LINC01781,LINC01781
GEM,GEM
CD8A,CD8A
RP2,RP2
FGL2,FGL2
HMGN2,HMGN2
PYGL,PYGL
MYLK,MYLK
PDGFA,PDGFA
GADD45B,GADD45B
SYNE2,SYNE2
GADD45A,GADD45A
PEG10,PEG10
PRSS57,PRSS57
CCDC80,CCDC80
CRTAM,CRTAM
GYS1,GYS1
ACTN1,ACTN1
IRAK3,IRAK3
GRN,GRN
RPL17,RPL17
HES1,HES1
CSAD,CSAD
PSAP,PSAP
ESAM,ESAM
CLEC12A,CLEC12A
ITGAX,ITGAX
PRDM5,PRDM5
CD8B,CD8B
TREM2,TREM2
BEND2,BEND2
HOPX,HOPX
LINC01857,LINC01857
AQP10,AQP10
IL2RB,IL2RB
VNN1,VNN1
CREM,CREM
CKAP4,CKAP4
IL18RAP,IL18RAP
TRAV17,TRAV17
SAMSN1,SAMSN1
KCNJ15,KCNJ15
IFI30,IFI30
CYBB,CYBB
TRIB1,TRIB1
CD160,CD160
PFKFB2,PFKFB2
HLA-DQA2,HLA-DQA2
ZNF331,ZNF331
TRAV2,TRAV2
CXCL16,CXCL16
TKTL1,TKTL1
ABCA7,ABCA7
LINC02446,LINC02446
DLK1,DLK1
AURKB,AURKB
TREM1,TREM1
TSC22D3,TSC22D3
TNFRSF10C,TNFRSF10C
MFAP5,MFAP5
TRAV26-1,TRAV26-1
MAP2K3,MAP2K3
NIBAN3,NIBAN3
AKR1C1,AKR1C1
LAG3,LAG3
ALOX12,ALOX12
IL5RA,IL5RA
SYNE1,SYNE1
KIR2DL1,KIR2DL1
KIR3DL1,KIR3DL1
TMIGD3,TMIGD3
CEBPB,CEBPB
ALOX15B,ALOX15B
SLC7A11,SLC7A11
SUGCT,SUGCT
GADD45G,GADD45G
SGK1,SGK1
CXCR4,CXCR4
CCNB1,CCNB1
AP5B1,AP5B1
BANK1,BANK1
SCT,SCT
ASPH,ASPH
CD63,CD63
LAIR2,LAIR2
FAM193B,FAM193B
TRDV3,TRDV3
UGCG,UGCG
APOA1,APOA1
TRGV2,TRGV2
ACOD1,ACOD1
PLAU,PLAU
ARPP21,ARPP21
CD36,CD36
PLBD1,PLBD1
MAF,MAF
COL1A1,COL1A1
ATP6V0A1,ATP6V0A1
AMN,AMN
ATP2C2,ATP2C2
DYSF,DYSF
TFPI,TFPI
TCIRG1,TCIRG1
KLRK1,KLRK1
SLC2A3,SLC2A3
HBEGF,HBEGF
TMSB4X,TMSB4X
SELP,SELP
TNFRSF9,TNFRSF9
EGFL7,EGFL7
LY6G6F,LY6G6F
VWA5A,VWA5A
HTRA1,HTRA1
HSPA8,HSPA8
PDZK1IP1,PDZK1IP1
MUCL1,MUCL1
C1R,C1R
CR1,CR1
LPO,LPO
TRAV13-2,TRAV13-2
VIM,VIM
PMEL,PMEL
ATP2A3,ATP2A3
SLCO2B1,SLCO2B1
CLEC4E,CLEC4E
FCGR2A,FCGR2A
LINC00926,LINC00926
CITED2,CITED2
TNFSF14,TNFSF14
TGFB1I1,TGFB1I1
SLC1A2,SLC1A2
KIAA1549,KIAA1549
ANKRD22,ANKRD22
LIPA,LIPA
LINC02076,LINC02076
ABL2,ABL2
BAZ2B,BAZ2B
CD247,CD247
DNAAF1,DNAAF1
SLC5A3,SLC5A3
IGF1R,IGF1R
HOMER3,HOMER3
CSTB,CSTB
LITAF,LITAF
NFE2,NFE2
ABHD5,ABHD5
LILRB5,LILRB5
TRAC,TRAC
VMO1,VMO1
PFKFB3,PFKFB3
ID2,ID2
MYB,MYB
SORL1,SORL1
KDM5B,KDM5B
HGD,HGD
DNAJA1,DNAJA1
TMEM52B,TMEM52B
PRH1,PRH1
IFIT3,IFIT3
HSPA5,HSPA5
TRH,TRH
ANKRD34B,ANKRD34B
TNFRSF17,TNFRSF17
HRH2,HRH2
RETREG3,RETREG3
RNF175,RNF175
FCER2,FCER2
NPTX2,NPTX2
TRAV8-2,TRAV8-2
ICAM1,ICAM1
UHRF1,UHRF1
PDLIM7,PDLIM7
MIR3945HG,MIR3945HG
GK,GK
HEY1,HEY1
TPM1,TPM1
NEXN,NEXN
MYL4,MYL4
PRUNE2,PRUNE2
LHX1,LHX1
TFRC,TFRC
TNFRSF18,TNFRSF18
MIR155HG,MIR155HG
DLGAP5,DLGAP5
CPVL,CPVL
JUNB,JUNB
IFRD1,IFRD1
GMPR,GMPR
TYMP,TYMP
COL17A1,COL17A1
TRAPPC3L,TRAPPC3L
GJB2,GJB2
KCNE1,KCNE1
PMAIP1,PMAIP1
FABP3,FABP3
MT-CO1,MT-CO1
CCNJL,CCNJL
CUEDC1,CUEDC1
CR2,CR2
SH3BGRL2,SH3BGRL2
DCTN1,DCTN1
LINC02362,LINC02362
KRT1,KRT1
CRISPLD2,CRISPLD2
KRT81,KRT81
IVNS1ABP,IVNS1ABP
TRAV22,TRAV22
ADGRG1,ADGRG1
HRK,HRK
GPX3,GPX3
DUSP6,DUSP6
RTKN2,RTKN2
VPS9D1,VPS9D1
KIAA0319L,KIAA0319L
TRAV41,TRAV41
CD1C,CD1C
RNASE2,RNASE2
NNMT,NNMT
SLC25A44,SLC25A44
IL18R1,IL18R1
PCDH17,PCDH17
SCN5A,SCN5A
SDC2,SDC2
TIGIT,TIGIT
RASSF2,RASSF2
DHRS9,DHRS9
SNX20,SNX20
STAG3,STAG3
TSPO,TSPO
TLR2,TLR2
KRT5,KRT5
TUBB2B,TUBB2B
SLC1A3,SLC1A3
KIAA0087,KIAA0087
ORM2,ORM2
PDE5A,PDE5A
TIMD4,TIMD4
SPRY1,SPRY1
LINC00299,LINC00299
CEBPE,CEBPE
PSD4,PSD4
CXCR6,CXCR6
OXTR,OXTR
TSPAN2,TSPAN2
ALDH2,ALDH2
ACTB,ACTB
TRAV8-3,TRAV8-3
SVIL,SVIL
OSER1,OSER1
INPPL1,INPPL1
FBN1,FBN1
TRAV6,TRAV6
FILIP1L,FILIP1L
TACSTD2,TACSTD2
HSP90AB1,HSP90AB1
PDGFRA,PDGFRA
HILPDA,HILPDA
RBPMS2,RBPMS2
TIMP2,TIMP2
LGALSL,LGALSL
LY9,LY9
CAPG,CAPG
PGD,PGD
PRR4,PRR4
ZDHHC18,ZDHHC18
ARL4C,ARL4C
TFPI2,TFPI2
IRS2,IRS2
RPS27,RPS27
KRT23,KRT23
CREB5,CREB5
ZNF683,ZNF683
IGFBP2,IGFBP2
ADAMTS1,ADAMTS1
AMPD2,AMPD2
BRI3,BRI3
ACSS3,ACSS3
BATF,BATF
FCGRT,FCGRT
CORO2A,CORO2A
PNMT,PNMT
CABP5,CABP5
GFI1B,GFI1B
MINDY1,MINDY1
FAM178B,FAM178B
MVD,MVD
PGC,PGC
RNASE3,RNASE3
CDKN2D,CDKN2D
MYADM,MYADM
BIRC3,BIRC3
CD300E,CD300E
TRAV24,TRAV24
FKBP4,FKBP4
ARAF,ARAF
KLK1,KLK1
B2M,B2M
DNAJB4,DNAJB4
CD3D,CD3D
C2CD4B,C2CD4B
IL4R,IL4R
OPRM1,OPRM1
YBX3,YBX3
IER5,IER5
MEGF9,MEGF9
TAGLN,TAGLN
ABTB1,ABTB1
SRA1,SRA1
NEFM,NEFM
SEPTIN5,SEPTIN5
PIK3R5,PIK3R5
GLDN,GLDN
GPR171,GPR171
DNAH17,DNAH17
PFKFB4,PFKFB4
CKS2,CKS2
NEIL1,NEIL1
GSTM3,GSTM3
TRGC1,TRGC1
CLEC4C,CLEC4C
KLRC3,KLRC3
TLCD4,TLCD4
TNC,TNC
SLC38A11,SLC38A11
LRRN1,LRRN1
KIR3DL2,KIR3DL2
SELENBP1,SELENBP1
SOCS1,SOCS1
FPR2,FPR2
LINC00989,LINC00989
LIMS1,LIMS1
PPARG,PPARG
KIR2DL3,KIR2DL3
P2RX5,P2RX5
EGR3,EGR3
PLK2,PLK2
MAP3K8,MAP3K8
TTTY14,TTTY14
IGSF6,IGSF6
MAP3K3,MAP3K3
KIF1B,KIF1B
FOXP3,FOXP3
ATP2B1-AS1,ATP2B1-AS1
EDN1,EDN1
DNAH12,DNAH12
NTNG2,NTNG2
AMY2B,AMY2B
HBQ1,HBQ1
MORC1,MORC1
TNFSF9,TNFSF9
IL11RA,IL11RA
SLC16A10,SLC16A10
BTG2,BTG2
NCF2,NCF2
GCSAML,GCSAML
AKR1C3,AKR1C3
ADAM8,ADAM8
SCAP,SCAP
VCL,VCL
TNFRSF13C,TNFRSF13C
CTSZ,CTSZ
BTBD19,BTBD19
TTLL3,TTLL3
NECAB1,NECAB1
CD209,CD209
PTGES,PTGES
GSTM5,GSTM5
MAN1A1,MAN1A1
PPP1R14A,PPP1R14A
MT-ATP6,MT-ATP6
P2RY13,P2RY13
ZNF587,ZNF587
OPLAH,OPLAH
TRBV23-1,TRBV23-1
NME2,NME2
CYGB,CYGB
MTURN,MTURN
SNAPC1,SNAPC1
ALDH1A1,ALDH1A1
CENPE,CENPE
BACH2,BACH2
IL4I1,IL4I1
SMC4,SMC4
LIF,LIF
MICAL1,MICAL1
TRBC2,TRBC2
CHN1,CHN1
TUBB4B,TUBB4B
IL2RA,IL2RA
KBTBD7,KBTBD7
MMD,MMD
BLVRB,BLVRB
MLKL,MLKL
DRAIC,DRAIC
LINC01871,LINC01871
TSPYL2,TSPYL2
TRAV39,TRAV39
BEX3,BEX3
CHI3L2,CHI3L2
CGAS,CGAS
ADAMTS4,ADAMTS4
CKB,CKB
ELL2,ELL2
CHST15,CHST15
ICA1,ICA1
ABCA1,ABCA1
PTPRJ,PTPRJ
NPC2,NPC2
MEF2B,MEF2B
LPAR2,LPAR2
KREMEN1,KREMEN1
KCTD12,KCTD12
CD38,CD38
PSTPIP2,PSTPIP2
MYBL1,MYBL1
SPX,SPX
EGR2,EGR2
SMIM5,SMIM5
ZFP36L2,ZFP36L2
UBN2,UBN2
BCORL1,BCORL1
SLC16A3,SLC16A3
ZBED2,ZBED2
INTS1,INTS1
FAM124A,FAM124A
TNFSF11,TNFSF11
CD2,CD2
ADAMDEC1,ADAMDEC1
COMP,COMP
ALDH1A2,ALDH1A2
C1S,C1S
ABCA6,ABCA6
ATP6V0C,ATP6V0C
BPGM,BPGM
S1PR5,S1PR5
RALGPS2,RALGPS2
IL19,IL19
KCNAB3,KCNAB3
SLCO4C1,SLCO4C1
RASSF6,RASSF6
CEMIP,CEMIP
RNF24,RNF24
PNPLA1,PNPLA1
IFIT1,IFIT1
PDLIM1,PDLIM1
IRF4,IRF4
VASN,VASN
TNFRSF12A,TNFRSF12A
ATAD2B,ATAD2B
BHLHE40,BHLHE40
CD1E,CD1E
SDHAF1,SDHAF1
TSPO2,TSPO2
CADPS,CADPS
TNFSF4,TNFSF4
LINC01480,LINC01480
SYTL3,SYTL3
CFP,CFP
CDKN1A,CDKN1A
TMEM158,TMEM158
KLRG1,KLRG1
MAOB,MAOB
CSTA,CSTA
KIF14,KIF14
RTN3,RTN3
LILRA4,LILRA4
TRGV8,TRGV8
NPPA,NPPA
ZRANB1,ZRANB1
XBP1,XBP1
KDM6B,KDM6B
DZANK1,DZANK1
KIR2DL4,KIR2DL4
SPATC1,SPATC1
GPR34,GPR34
SMIM18,SMIM18
TM4SF1,TM4SF1
PRRT4,PRRT4
COLEC12,COLEC12
MEIS1,MEIS1
TLE4,TLE4
SSR4,SSR4
DSC2,DSC2
PHACTR1,PHACTR1
EEF1A1,EEF1A1
VEPH1,VEPH1
NTM,NTM
GNG4,GNG4
LGALS4,LGALS4
ICOS,ICOS
CSGALNACT1,CSGALNACT1
TBL1X,TBL1X
TUBGCP6,TUBGCP6
SP3,SP3
ALDOA,ALDOA
S100A10,S100A10
GUCY1B1,GUCY1B1
BICRA,BICRA
BIRC5,BIRC5
ATG2B,ATG2B
ZNF283,ZNF283
ETS2,ETS2
LYST,LYST
BICRAL,BICRAL
FJX1,FJX1
MROH1,MROH1
HSP90B1,HSP90B1
CCN3,CCN3
GRAMD1A,GRAMD1A
CCNA2,CCNA2
TUBA4A,TUBA4A
PNPLA6,PNPLA6
DGKI,DGKI
TRAV25,TRAV25
IL17C,IL17C
NOS1AP,NOS1AP
RNF144B,RNF144B
QRICH2,QRICH2
PLD3,PLD3
DGAT2,DGAT2
MPP1,MPP1
COL7A1,COL7A1
ZNF654,ZNF654
CX3CR1,CX3CR1
WNK3,WNK3
LIME1,LIME1
FCRL5,FCRL5
PLK3,PLK3
SLC39A8,SLC39A8
ITM2C,ITM2C
GZMM,GZMM
ANGPTL4,ANGPTL4
PTGS1,PTGS1
UBOX5,UBOX5
IMPDH1,IMPDH1
ARHGAP6,ARHGAP6
ZFP36L1,ZFP36L1
BMP3,BMP3
MYBPC3,MYBPC3
RYR3,RYR3
CD3G,CD3G
TLR4,TLR4
CETP,CETP
TK1,TK1
C5AR2,C5AR2
DTYMK,DTYMK
RNF14,RNF14
DAPK2,DAPK2
NRARP,NRARP
TRGV5,TRGV5
SPIB,SPIB
AICDA,AICDA
CCDC168,CCDC168
UBE2S,UBE2S
CD22,CD22
PLXDC2,PLXDC2
VWF,VWF
APBB2,APBB2
MT3,MT3
REPS2,REPS2
DDIT4,DDIT4
PLSCR2,PLSCR2
LINC01943,LINC01943
HERPUD1,HERPUD1
CEP164,CEP164
MSH3,MSH3
IGFBP7,IGFBP7
MT-CO2,MT-CO2
NFKBID,NFKBID
CCNA1,CCNA1
CCR7,CCR7
PLXNC1,PLXNC1
PHLDA2,PHLDA2
SCD,SCD
SERPINB10,SERPINB10
HS3ST1,HS3ST1
GLRX5,GLRX5
AATK,AATK
ISG15,ISG15
FKBP11,FKBP11
AK2,AK2
SGSM2,SGSM2
ARFGAP1,ARFGAP1
DCDC2B,DCDC2B
FCRLA,FCRLA
PHC2,PHC2
MPEG1,MPEG1
AP1S2,AP1S2
TCF4,TCF4
TMEM63A,TMEM63A
LAYN,LAYN
DAAM2,DAAM2
DTX1,DTX1
CD55,CD55
CCDC126,CCDC126
SEMA4A,SEMA4A
MAMDC2,MAMDC2
TRGV10,TRGV10
MED12L,MED12L
SH2D1B,SH2D1B
HMGA1,HMGA1
FAM111B,FAM111B
XIST,XIST
AFF3,AFF3
SH2D2A,SH2D2A
FLOT2,FLOT2
MAMLD1,MAMLD1
MYC,MYC
COTL1,COTL1
ADGRE2,ADGRE2
YPEL5,YPEL5
STX3,STX3
IGF1,IGF1
GNAI1,GNAI1
STXBP2,STXBP2
FOLR3,FOLR3
ACTRT3,ACTRT3
TMEM91,TMEM91
ARHGAP9,ARHGAP9
SOCS3,SOCS3
RBP7,RBP7
ENHO,ENHO
DTHD1,DTHD1
RGL1,RGL1
GP6,GP6
AMOTL1,AMOTL1
STOM,STOM
ADIRF,ADIRF
DRC1,DRC1
WASF1,WASF1
PXN,PXN
KLF1,KLF1
GJA4,GJA4
PLD5,PLD5
TXNIP,TXNIP
TMEM176B,TMEM176B
CDCA8,CDCA8
EBI3,EBI3
PYHIN1,PYHIN1
SERPINF1,SERPINF1
CLTCL1,CLTCL1
NSUN7,NSUN7
RIPOR2,RIPOR2
DAAM1,DAAM1
NOD2,NOD2
MT-CO3,MT-CO3
TRGV3,TRGV3
LRRC49,LRRC49
SPI1,SPI1
KCNJ2,KCNJ2
AMPH,AMPH
ANXA2,ANXA2
IFI6,IFI6
CTHRC1,CTHRC1
LGALS3BP,LGALS3BP
INKA2,INKA2
TCN2,TCN2
EVA1A,EVA1A
ARID1A,ARID1A
QPCT,QPCT
AQP1,AQP1
DST,DST
HIF1A-AS3,HIF1A-AS3
IFI44L,IFI44L
PRKCD,PRKCD
BCL2L15,BCL2L15
THAP5,THAP5
PLIN4,PLIN4
DONSON,DONSON
SOX6,SOX6
RAMP1,RAMP1
BCL7A,BCL7A
NEU1,NEU1
NUMB,NUMB
ARAP1,ARAP1
IGFL2,IGFL2
NAV3,NAV3
CD3E,CD3E
CDK12,CDK12
MFAP4,MFAP4
ZBTB18,ZBTB18
DUSP5,DUSP5
TRGV4,TRGV4
MED15,MED15
RUFY1,RUFY1
DCHS2,DCHS2
CXCR5,CXCR5
RGL4,RGL4
LDLR,LDLR
FRMD3,FRMD3
HSPA2,HSPA2
USP53,USP53
KIF20A,KIF20A
CDKN3,CDKN3
CDC20B,CDC20B
NLRP12,NLRP12
TRAV34,TRAV34
MAOA,MAOA
KPNA2,KPNA2
RAB3C,RAB3C
IL23R,IL23R
CTSC,CTSC
RAB27A,RAB27A
ARFGEF1,ARFGEF1
CD70,CD70
IL23A,IL23A
DNM3,DNM3
RCN3,RCN3
ANKRD37,ANKRD37
RASIP1,RASIP1
SERPINI1,SERPINI1
LTC4S,LTC4S
SMOX,SMOX
EOMES,EOMES
CORIN,CORIN
CD81,CD81
CDCA3,CDCA3
TUBA1A,TUBA1A
RPS18,RPS18
SLC25A39,SLC25A39
LINC01750,LINC01750
TRAV36DV7,TRAV36DV7
SLC13A5,SLC13A5
LYPD3,LYPD3
B3GNT5,B3GNT5
TRAV4,TRAV4
SULT1B1,SULT1B1
BAMBI,BAMBI
CHGB,CHGB
GRB10,GRB10
PLOD2,PLOD2
TXN,TXN
CFH,CFH
PRSS23,PRSS23
MANSC1,MANSC1
SCN1B,SCN1B
NCF1,NCF1
SELL,SELL
SNTB2,SNTB2
SLC4A10,SLC4A10
AP5Z1,AP5Z1
TUBB6,TUBB6
INTS6,INTS6
MYRF,MYRF
ACY3,ACY3
TP53I11,TP53I11
PCNX1,PCNX1
ZEB2,ZEB2
TRPM2,TRPM2
ATP1B1,ATP1B1
SNAI1,SNAI1
MCM7,MCM7
TRGV9,TRGV9
TTPAL,TTPAL
GABRB2,GABRB2
FKBP5,FKBP5
DENND5A,DENND5A
USP21,USP21
PKP4,PKP4
GJB6,GJB6
PLAC9,PLAC9
SPHK1,SPHK1
PASK,PASK
CILP,CILP
CYP2E1,CYP2E1
ACAD8,ACAD8
GIHCG,GIHCG
CD93,CD93
TGFBI,TGFBI
QSOX1,QSOX1
CSF1R,CSF1R
AMPD3,AMPD3
TBCEL,TBCEL
LINC01291,LINC01291
TAL1,TAL1
IRF1,IRF1
KBTBD6,KBTBD6
EIF4A3,EIF4A3
CLIC5,CLIC5
FHL2,FHL2
NRP2,NRP2
MAFF,MAFF
GNPTAB,GNPTAB
FSTL1,FSTL1
GPAT3,GPAT3
MATK,MATK
TLR6,TLR6
SLC45A3,SLC45A3
SPRY2,SPRY2
DOCK5,DOCK5
IRF8,IRF8
TANC1,TANC1
GNAZ,GNAZ
PROX1,PROX1
CD40LG,CD40LG
NABP1,NABP1
CLEC4D,CLEC4D
TMEM140,TMEM140
COQ7,COQ7
CEMIP2,CEMIP2
CD68,CD68
CD19,CD19
SLC22A4,SLC22A4
GOLGB1,GOLGB1
SHKBP1,SHKBP1
ENPP2,ENPP2
HCK,HCK
CYP4F8,CYP4F8
APMAP,APMAP
CKS1B,CKS1B
INPP5K,INPP5K
LHFPL2,LHFPL2
HCAR3,HCAR3
HTRA3,HTRA3
DENND3,DENND3
MARCKSL1,MARCKSL1
PRDM1,PRDM1
NLRC5,NLRC5
GATA3,GATA3
PIK3R1,PIK3R1
GRAP2,GRAP2
FCRL1,FCRL1
PPP1R12C,PPP1R12C
EGFL6,EGFL6
PTPRB,PTPRB
SERPINE2,SERPINE2
CLEC7A,CLEC7A
PCGF3,PCGF3
TBX21,TBX21
MYO3B,MYO3B
SAMD3,SAMD3
EPB42,EPB42
COL6A2,COL6A2
ANKRD28,ANKRD28
HECW2,HECW2
IGF2R,IGF2R
SMPD3,SMPD3
DMXL2,DMXL2
MROH8,MROH8
MIAT,MIAT
SCN9A,SCN9A
TBC1D23,TBC1D23
CEP78,CEP78
SDCBP,SDCBP
CCR9,CCR9
NXF3,NXF3
RORA,RORA
GCNT7,GCNT7
BEX1,BEX1
PDCD1,PDCD1
SLC15A4,SLC15A4
CHORDC1,CHORDC1
RPS12,RPS12
ITM2A,ITM2A
MMP2,MMP2
MERTK,MERTK
SCGB1C2,SCGB1C2
NRP1,NRP1
GSTO2,GSTO2
PTGDR,PTGDR
UCHL1,UCHL1
CREG1,CREG1
CD163L1,CD163L1
TNFRSF13B,TNFRSF13B
TSHZ2,TSHZ2
METRNL,METRNL
LPCAT2,LPCAT2
LRRN3,LRRN3
LBR,LBR
TSPOAP1,TSPOAP1
CLASP1,CLASP1
RPL13A,RPL13A
SIRPB2,SIRPB2
NCR3,NCR3
EXOC6,EXOC6
ELF3,ELF3
LILRB3,LILRB3
CYTH4,CYTH4
MFAP3L,MFAP3L
PLD4,PLD4
TNNC2,TNNC2
MYO7B,MYO7B
SDC3,SDC3
PCNA,PCNA
CDCA7,CDCA7
DNTT,DNTT
STON2,STON2
KLHL2,KLHL2
RCAN1,RCAN1
TLE1,TLE1
PGRMC1,PGRMC1
ATG2A,ATG2A
FCRL6,FCRL6
FASLG,FASLG
TOX2,TOX2
POU4F1,POU4F1
STXBP6,STXBP6
DMTN,DMTN
PHACTR4,PHACTR4
GPR155,GPR155
AIRE,AIRE
LINC00996,LINC00996
NINJ1,NINJ1
B3GNT8,B3GNT8
MCTP2,MCTP2
MAP1A,MAP1A
D2HGDH,D2HGDH
ZWINT,ZWINT
CACYBP,CACYBP
NECTIN3,NECTIN3
TSPAN32,TSPAN32
ADAM28,ADAM28
GPD1,GPD1
SGCE,SGCE
SH3BP2,SH3BP2
LINC01727,LINC01727
SLC38A2,SLC38A2
STEAP1B,STEAP1B
FCGR2B,FCGR2B
FRY,FRY
RPL13,RPL13
TECPR1,TECPR1
LILRA5,LILRA5
SLC7A5,SLC7A5
VAPA,VAPA
FBXW2,FBXW2
SPTSSB,SPTSSB
PELI1,PELI1
GTSE1,GTSE1
ACSBG1,ACSBG1
FGR,FGR
UBC,UBC
LINC02608,LINC02608
TMEM119,TMEM119
CHID1,CHID1
ROCK1,ROCK1
CNR1,CNR1
IP6K2,IP6K2
ARL4D,ARL4D
ABLIM3,ABLIM3
CHKA,CHKA
MAP1LC3A,MAP1LC3A
CADM2,CADM2
SAMHD1,SAMHD1
SDC1,SDC1
LINC02397,LINC02397
LGALS12,LGALS12
CAV1,CAV1
DNAJC5,DNAJC5
NUF2,NUF2
SYNGR3,SYNGR3
KCNG1,KCNG1
GFPT2,GFPT2
NIPBL,NIPBL
BCO2,BCO2
COBLL1,COBLL1
SHROOM4,SHROOM4
SMIM14,SMIM14
TUBA8,TUBA8
DPH6,DPH6
RASGEF1B,RASGEF1B
TRIB2,TRIB2
DAGLB,DAGLB
F2R,F2R
NPTX1,NPTX1
IGSF11,IGSF11
PPM1F,PPM1F
LAMP3,LAMP3
EGLN3,EGLN3
ASAH1,ASAH1
IL17RA,IL17RA
VMP1,VMP1
CD274,CD274
LINC02762,LINC02762
SMIM1,SMIM1
CARMN,CARMN
HCST,HCST
UBE2D1,UBE2D1
TSHZ3,TSHZ3
TNFAIP1,TNFAIP1
HAL,HAL
PBX1,PBX1
LILRB2,LILRB2
CD72,CD72
HOOK2,HOOK2
RGS6,RGS6
NRCAM,NRCAM
THEM5,THEM5
ZNF573,ZNF573
SORBS1,SORBS1
NCKAP1,NCKAP1
KREMEN2,KREMEN2
PHLDA3,PHLDA3
GINS2,GINS2
KLHL21,KLHL21
KCNJ13,KCNJ13
KIFC1,KIFC1
AHNAK,AHNAK
EZR,EZR
BLK,BLK
TRAV40,TRAV40
PTPRE,PTPRE
JMJD6,JMJD6
FMN1,FMN1
LHPP,LHPP
HNRNPLL,HNRNPLL
CSRNP1,CSRNP1
NFE2L2,NFE2L2
GABRR2,GABRR2
RNF152,RNF152
RYR2,RYR2
LTBP4,LTBP4
PLN,PLN
TOB1,TOB1
RFLNB,RFLNB
SLA2,SLA2
LIX1,LIX1
SIGLEC6,SIGLEC6
ZMAT1,ZMAT1
ZZEF1,ZZEF1
TSLP,TSLP
LY6K,LY6K
TNFRSF1B,TNFRSF1B
ZYX,ZYX
PLA2G7,PLA2G7
DSP,DSP
CLNK,CLNK
RPS4Y1,RPS4Y1
ECHDC3,ECHDC3
HCLS1,HCLS1
SPINK2,SPINK2
RPL31,RPL31
MTUS1,MTUS1
HMGB1,HMGB1
CHP1,CHP1
MET,MET
SH3TC2,SH3TC2
SECTM1,SECTM1
USP10,USP10
SCARA5,SCARA5
CITED4,CITED4
CNTNAP2,CNTNAP2
AFAP1,AFAP1
SEC11C,SEC11C
BCL11B,BCL11B
MAPK14,MAPK14
ZNF80,ZNF80
CLDN9,CLDN9
ITGB8,ITGB8
TCF7L2,TCF7L2
ZBTB16,ZBTB16
NEK8,NEK8
TMIGD2,TMIGD2
FAM81B,FAM81B
LINC02207,LINC02207
C3AR1,C3AR1
PTMS,PTMS
CD109,CD109
ABCA5,ABCA5
CENPU,CENPU
NRXN2,NRXN2
MYO6,MYO6
ZNF608,ZNF608
GPRC5A,GPRC5A
IGFBP4,IGFBP4
ZNF90,ZNF90
L3MBTL4,L3MBTL4
PEAR1,PEAR1
TAGLN2,TAGLN2
TUT7,TUT7
MIR3681HG,MIR3681HG
MCF2,MCF2
MSRB1,MSRB1
SIRT3,SIRT3
P4HA2,P4HA2
ABCC2,ABCC2
ADARB1,ADARB1
NUP214,NUP214
INHBB,INHBB
DHCR24,DHCR24
TKT,TKT
PTGER4,PTGER4
EIF4ENIF1,EIF4ENIF1
GNAL,GNAL
EVC2,EVC2
DDX39A,DDX39A
JDP2,JDP2
AQP3,AQP3
RBMS3,RBMS3
DEF8,DEF8
RPL10,RPL10
GJC1,GJC1
SRSF12,SRSF12
ICA1L,ICA1L
FCRL3,FCRL3
ASPRV1,ASPRV1
IL12RB1,IL12RB1
PIM2,PIM2
RNF149,RNF149
HJURP,HJURP
TTC38,TTC38
FAM107B,FAM107B
ITGB1,ITGB1
OR2B6,OR2B6
RABGEF1,RABGEF1
NNAT,NNAT
ZFHX3,ZFHX3
ZNF674-AS1,ZNF674-AS1
WIPF3,WIPF3
RHOT2,RHOT2
DGKH,DGKH
CENPM,CENPM
CISH,CISH
MCOLN1,MCOLN1
DLL1,DLL1
RORC,RORC
SLCO3A1,SLCO3A1
TXK,TXK
SERPINB1,SERPINB1
LEPR,LEPR
MCC,MCC
SPSB1,SPSB1
HMGB3,HMGB3
ANXA5,ANXA5
NFRKB,NFRKB
UBB,UBB
CSNK1D,CSNK1D
FRMD4B,FRMD4B
NCAM1,NCAM1
TYW1,TYW1
FAM174B,FAM174B
ANKRD55,ANKRD55
NCOA4,NCOA4
MMP17,MMP17
LINC02227,LINC02227
NT5M,NT5M
SCD5,SCD5
COL19A1,COL19A1
KDM7A,KDM7A
PLCB1,PLCB1
SPATA6L,SPATA6L
ID1,ID1
CNTROB,CNTROB
UACA,UACA
CYP4F12,CYP4F12
ARHGAP29,ARHGAP29
CELSR1,CELSR1
AIM2,AIM2
PRR14,PRR14
LINC00664,LINC00664
NEK5,NEK5
ATXN1,ATXN1
LHX4,LHX4
KAZN,KAZN
TTC21A,TTC21A
MIR503HG,MIR503HG
RBM38,RBM38
POU2AF1,POU2AF1
ACKR3,ACKR3
LEF1,LEF1
TMEM260,TMEM260
ENO2,ENO2
OTUD1,OTUD1
ZC3H8,ZC3H8
STK11IP,STK11IP
TRAF1,TRAF1
ALPK1,ALPK1
EGF,EGF
NPW,NPW
BMP2,BMP2
SPAG5,SPAG5
DES,DES
CD82,CD82
TFCP2L1,TFCP2L1
AGMAT,AGMAT
GLIS3,GLIS3
BCAS2,BCAS2
MAL,MAL
PIKFYVE,PIKFYVE
NADK,NADK
LINC02029,LINC02029
KLHDC1,KLHDC1
MTSS1,MTSS1
ODC1,ODC1
DOK5,DOK5
LINC02605,LINC02605
ITGA1,ITGA1
RIN2,RIN2
DLC1,DLC1
LAMP5,LAMP5
CUL5,CUL5
LAT,LAT
PAGE5,PAGE5
ACKR4,ACKR4
FKBP9,FKBP9
TIE1,TIE1
TLN1,TLN1
NCF4,NCF4
ZSCAN31,ZSCAN31
SLCO4A1,SLCO4A1
GAN,GAN
ZC3H18,ZC3H18
YES1,YES1
SLC35F2,SLC35F2
GAS1,GAS1
CFAP70,CFAP70
SYTL2,SYTL2
LINC01506,LINC01506
C2CD4A,C2CD4A
KLF5,KLF5
PCF11,PCF11
CTDSP1,CTDSP1
POU3F1,POU3F1
SRGAP2,SRGAP2
CETN2,CETN2
NFKB1,NFKB1
PRDM16,PRDM16
NAA15,NAA15
MAU2,MAU2
STX7,STX7
SCUBE3,SCUBE3
CDCA7L,CDCA7L
LINC01562,LINC01562
GIPC2,GIPC2
SLC23A2,SLC23A2
PLEKHG3,PLEKHG3
CC2D2B,CC2D2B
RPLP1,RPLP1
AKR1B1,AKR1B1
TMCC1,TMCC1
GLA,GLA
MEIOC,MEIOC
SMARCA4,SMARCA4
IER5L,IER5L
TNFSF10,TNFSF10
LIMK2,LIMK2
MAPK10,MAPK10
CAV2,CAV2
FBXO38,FBXO38
SGSH,SGSH
FNDC3A,FNDC3A
ATP6V0D1,ATP6V0D1
VSTM2L,VSTM2L
APOBEC3D,APOBEC3D
ADAM12,ADAM12
LMO4,LMO4
PLEKHN1,PLEKHN1
LINC01792,LINC01792
PVALB,PVALB
FPR3,FPR3
BHLHE41,BHLHE41
SCX,SCX
TGFBR3,TGFBR3
SYCP2,SYCP2
FES,FES
PDGFB,PDGFB
RAB15,RAB15
KRT7,KRT7
VIPR2,VIPR2
LRFN1,LRFN1
CMTM8,CMTM8
MCL1,MCL1
LRRC74B,LRRC74B
ZFYVE9,ZFYVE9
SERPINE3,SERPINE3
FLRT2,FLRT2
WDFY2,WDFY2
IKZF2,IKZF2
SAMD9,SAMD9
GIMAP7,GIMAP7
FBXL18,FBXL18
SLC5A5,SLC5A5
GPAT4,GPAT4
GNG8,GNG8
NBEAL1,NBEAL1
ARHGAP18,ARHGAP18
NPRL2,NPRL2
ARHGAP24,ARHGAP24
NUP85,NUP85
TAGAP,TAGAP
PAXBP1,PAXBP1
FGF14-AS2,FGF14-AS2
RPS6KA2,RPS6KA2
FSCN1,FSCN1
ATP13A3,ATP13A3
FFAR3,FFAR3
ISL2,ISL2
ANKRD20A1,ANKRD20A1
NACAD,NACAD
LZIC,LZIC
ELOVL7,ELOVL7
RNF19B,RNF19B
TCF7,TCF7
SPIDR,SPIDR
CTDSPL,CTDSPL
FDXR,FDXR
PRKCG,PRKCG
ANXA4,ANXA4
EYS,EYS
ZBTB20-AS4,ZBTB20-AS4
PRDX4,PRDX4
LDHAL6A,LDHAL6A
UBE2T,UBE2T
B4GALT5,B4GALT5
SLC2A1,SLC2A1
FCRL2,FCRL2
IL18,IL18
EXOC6B,EXOC6B
NADSYN1,NADSYN1
FYB1,FYB1
XCR1,XCR1
CEP83,CEP83
PLAC8,PLAC8
EPHX1,EPHX1
DOCK4,DOCK4
CPD,CPD
JAML,JAML
PHKA2,PHKA2
IQCG,IQCG
MYO5A,MYO5A
CEP128,CEP128
RDH10,RDH10
B4GALT6,B4GALT6
DHX38,DHX38
ELAVL3,ELAVL3
DDB2,DDB2
SCN8A,SCN8A
RBM14,RBM14
SAR1B,SAR1B
AKAP9,AKAP9
SELPLG,SELPLG
CASP6,CASP6
TSPYL1,TSPYL1
RASL11B,RASL11B
EZH1,EZH1
ZNF763,ZNF763
ETS1,ETS1
IP6K1,IP6K1
AREL1,AREL1
KAT2A,KAT2A
AVPR1A,AVPR1A
LINC01551,LINC01551
SULT1C2,SULT1C2
SSBP2,SSBP2
POMT1,POMT1
RCSD1,RCSD1
TF,TF
SZT2,SZT2
EFHD2,EFHD2
PIMREG,PIMREG
SHOX2,SHOX2
ZNF714,ZNF714
BLM,BLM
SERTAD1,SERTAD1
FAM229A,FAM229A
SPRED2,SPRED2
ELAVL4,ELAVL4
ZBED4,ZBED4
NFASC,NFASC
E4F1,E4F1
ATP6V1D,ATP6V1D
GH1,GH1
ARHGAP33,ARHGAP33
PER1,PER1
FSTL4,FSTL4
DBT,DBT
PRIMPOL,PRIMPOL
MNT,MNT
FAM177B,FAM177B
TCF3,TCF3
CCRL2,CCRL2
PTPRM,PTPRM
PRX,PRX
TPO,TPO
ZNF75D,ZNF75D
GPR84,GPR84
MYCT1,MYCT1
CNIH3,CNIH3
LINC02580,LINC02580
PDE3A,PDE3A
PRKCB,PRKCB
CNTNAP3B,CNTNAP3B
TMEM79,TMEM79
MCAM,MCAM
CARD6,CARD6
TCTN2,TCTN2
ERO1B,ERO1B
TMC5,TMC5
MT-ND3,MT-ND3
SLC45A4,SLC45A4
TREML4,TREML4
TLK1,TLK1
CD37,CD37
SLC22A1,SLC22A1
PDE4D,PDE4D
TENT5C,TENT5C
FUCA1,FUCA1
NAPSA,NAPSA
MAML3,MAML3
TLR8,TLR8
SYP,SYP
EGOT,EGOT
ITGA6,ITGA6
TDRD9,TDRD9
SIRT5,SIRT5
ENTPD1,ENTPD1
EFNB2,EFNB2
SP1,SP1
ABHD12B,ABHD12B
NFIL3,NFIL3
FCMR,FCMR
ESR2,ESR2
FAXDC2,FAXDC2
TROAP,TROAP
KMT2C,KMT2C
DCHS1,DCHS1
POMZP3,POMZP3
BCL11A,BCL11A
IRX3,IRX3
ASF1B,ASF1B
RBM28,RBM28
DENND2D,DENND2D
PBX4,PBX4
SPC25,SPC25
LTA4H,LTA4H
SH2D1A,SH2D1A
KIRREL3,KIRREL3
CKAP2L,CKAP2L
THSD1,THSD1
KDM1B,KDM1B
MTFMT,MTFMT
PLEKHM2,PLEKHM2
SHISA2,SHISA2
KMT5A,KMT5A
SPOCK2,SPOCK2
CERS5,CERS5
WLS,WLS
SRSF7,SRSF7
MYLIP,MYLIP
CCR6,CCR6
SMG8,SMG8
IFT74,IFT74
PIP5KL1,PIP5KL1
PRSS35,PRSS35
IGHMBP2,IGHMBP2
SPG11,SPG11
TMEM43,TMEM43
RRP1,RRP1
ATP11C,ATP11C
SMIM3,SMIM3
TSPAN13,TSPAN13
CPA5,CPA5
ODF3B,ODF3B
GRIPAP1,GRIPAP1
FAAP24,FAAP24
TSNARE1,TSNARE1
CCDC191,CCDC191
TNS3,TNS3
TMEM184B,TMEM184B
ARL5B,ARL5B
ARMC12,ARMC12
MT1F,MT1F
TAOK1,TAOK1
SYTL4,SYTL4
RUNX3,RUNX3
TUBGCP3,TUBGCP3
RND1,RND1
DZIP3,DZIP3
DIPK1B,DIPK1B
ZNF774,ZNF774
TPST1,TPST1
C4BPB,C4BPB
MTBP,MTBP
MSLN,MSLN
SCGB1C1,SCGB1C1
BTNL8,BTNL8
WDR36,WDR36
NPIPB12,NPIPB12
SEC24A,SEC24A
ANKRD39,ANKRD39
TNFSF13B,TNFSF13B
CEP63,CEP63
LINC02099,LINC02099
COLGALT1,COLGALT1
TRAF2,TRAF2
UNKL,UNKL
RNF25,RNF25
LRRC19,LRRC19
YPEL3,YPEL3
STRN4,STRN4
PLXNB2,PLXNB2
NLRP6,NLRP6
NT5DC3,NT5DC3
TIFA,TIFA
AVP,AVP
ZNF783,ZNF783
HLX,HLX
TP53I13,TP53I13
EMB,EMB
NCR1,NCR1
APC,APC
GYG1,GYG1
MYT1L,MYT1L
RPS26,RPS26
TRIM24,TRIM24
TRAT1,TRAT1
LINC00671,LINC00671
UPP1,UPP1
OXSM,OXSM
AGTRAP,AGTRAP
WDR97,WDR97
LYAR,LYAR
PPP2R2D,PPP2R2D
MEF2C,MEF2C
ZNF518B,ZNF518B
DNM2,DNM2
TES,TES
PKIG,PKIG
TREML2,TREML2
ADCY9,ADCY9
SAP30,SAP30
NBPF11,NBPF11
ZBTB40,ZBTB40
FEZ1,FEZ1
LINC01176,LINC01176
TPM4,TPM4
RRP12,RRP12
MYEOV,MYEOV
LINC00861,LINC00861
FAM43A,FAM43A
CAPN2,CAPN2
ARID3A,ARID3A
CCDC88A,CCDC88A
GATM,GATM
ARFGEF2,ARFGEF2
PLPP5,PLPP5
LINC01393,LINC01393
MBD1,MBD1
FAM9C,FAM9C
PLA2G1B,PLA2G1B
ANGEL2,ANGEL2
FBXW5,FBXW5
LINC02709,LINC02709
HLA-DMA,HLA-DMA
HGS,HGS
ROPN1L,ROPN1L
CPT1A,CPT1A
ANKDD1A,ANKDD1A
SLFN14,SLFN14
TRIM4,TRIM4
ZNF341,ZNF341
DCAF8,DCAF8
POLE,POLE
QRICH1,QRICH1
TNPO2,TNPO2
CD200,CD200
PAX5,PAX5
ENOX2,ENOX2
MACROD2,MACROD2
GBF1,GBF1
SMC1B,SMC1B
TXNDC16,TXNDC16
ZNF425,ZNF425
CLIC6,CLIC6
ZMYM2,ZMYM2
GTPBP2,GTPBP2
RASL11A,RASL11A
RESF1,RESF1
RHOC,RHOC
CATIP,CATIP
MON2,MON2
NCAPG,NCAPG
PIK3CB,PIK3CB
MAB21L3,MAB21L3
CD27,CD27
WDHD1,WDHD1
FZD5,FZD5
FNIP2,FNIP2
MIIP,MIIP
ATG16L2,ATG16L2
ORAI2,ORAI2
HMG20A,HMG20A
ARSD,ARSD
TSEN2,TSEN2
CCND1,CCND1
PCP2,PCP2
FCRL4,FCRL4
NEFL,NEFL
TCF12,TCF12
NOM1,NOM1
SEMA3D,SEMA3D
SNX14,SNX14
RCC1,RCC1
ADA2,ADA2
SMAP2,SMAP2
TMEM213,TMEM213
SMURF1,SMURF1
GYPE,GYPE
TCEAL9,TCEAL9
EPAS1,EPAS1
TRPC4AP,TRPC4AP
KDM5C,KDM5C
INAFM1,INAFM1
SLC19A1,SLC19A1
MON1A,MON1A
DNAL4,DNAL4
WTAP,WTAP
HMBS,HMBS
ZDHHC14,ZDHHC14
PMM1,PMM1
MBOAT2,MBOAT2
FBXO32,FBXO32
CPPED1,CPPED1
SHD,SHD
HSD17B12,HSD17B12
RBM24,RBM24
DYNLL1,DYNLL1
NBR1,NBR1
GSTM4,GSTM4
MEIS2,MEIS2
CHAMP1,CHAMP1
MGAT1,MGAT1
GIMAP5,GIMAP5
KIAA0513,KIAA0513
KCTD1,KCTD1
SPEN,SPEN
PLCB2,PLCB2
PAPSS2,PAPSS2
NSUN2,NSUN2
FGFR1,FGFR1
SPRYD3,SPRYD3
OGN,OGN
STX11,STX11
SPPL3,SPPL3
HOXA5,HOXA5
EMCN,EMCN
SSPN,SSPN
TOM1,TOM1
MR1,MR1
SLFN11,SLFN11
PTPRN,PTPRN
ETV5,ETV5
ANKRD36C,ANKRD36C
BOLA2B,BOLA2B
TMEM63C,TMEM63C
ARHGAP45,ARHGAP45
GABARAP,GABARAP
GLYATL2,GLYATL2
GABARAPL1,GABARAPL1
ADA,ADA
MTA1,MTA1
ITGAD,ITGAD
TP53I3,TP53I3
DACH1,DACH1
DGKG,DGKG
DNAJC3,DNAJC3
TLE6,TLE6
LIPH,LIPH
CLDN4,CLDN4
SCIN,SCIN
TIPARP,TIPARP
HAVCR2,HAVCR2
TBC1D14,TBC1D14
TMSB15A,TMSB15A
NEDD4L,NEDD4L
RENBP,RENBP
ACTG1,ACTG1
METTL6,METTL6
DHRS12,DHRS12
STK31,STK31
FBH1,FBH1
CCDC125,CCDC125
CLSPN,CLSPN
SLC43A3,SLC43A3
CACNA1H,CACNA1H
GOLGA3,GOLGA3
PIGU,PIGU
FST,FST
TENM1,TENM1
SESN1,SESN1
TUBA1C,TUBA1C
F2RL3,F2RL3
NCKAP5L,NCKAP5L
LINC02067,LINC02067
PKIB,PKIB
CENPA,CENPA
COL6A3,COL6A3
IMPG2,IMPG2
IGFBP3,IGFBP3
MGST2,MGST2
GUCY2D,GUCY2D
SPATA7,SPATA7
ADSL,ADSL
GLT1D1,GLT1D1
BICDL1,BICDL1
MTIF3,MTIF3
DHX34,DHX34
CCR4,CCR4
KLHDC10,KLHDC10
PIM1,PIM1
TMEM144,TMEM144
EBF1,EBF1
AHCYL2,AHCYL2
COL4A1,COL4A1
VPS37A,VPS37A
CD6,CD6
TG,TG
DCBLD2,DCBLD2
ZNF141,ZNF141
PCSK6,PCSK6
TLL2,TLL2
FNDC3B,FNDC3B
FAM47E,FAM47E
NT5C,NT5C
PDLIM3,PDLIM3
GDE1,GDE1
UNC13A,UNC13A
FXR2,FXR2
MIF,MIF
GAPDH,GAPDH
PLAAT4,PLAAT4
FLT1,FLT1
GSK3B,GSK3B
ARID5B,ARID5B
GPR108,GPR108
AGPS,AGPS
DDX56,DDX56
MYO1F,MYO1F
WHRN,WHRN
GRAMD4,GRAMD4
COMMD5,COMMD5
CDADC1,CDADC1
NKIRAS1,NKIRAS1
SMAD9,SMAD9
ENC1,ENC1
EDNRB,EDNRB
PLA2G15,PLA2G15
RNASEK,RNASEK
PBLD,PBLD
FHOD1,FHOD1
SLC38A7,SLC38A7
GLDC,GLDC
DNMBP,DNMBP
KCTD6,KCTD6
ZNF101,ZNF101
GRB14,GRB14
BCAT1,BCAT1
KLF10,KLF10
DUSP10,DUSP10
ITSN2,ITSN2
ADGRE5,ADGRE5
PARVB,PARVB
MYLK4,MYLK4
PFKP,PFKP
LDLRAD4,LDLRAD4
PDE4B,PDE4B
VPS13A,VPS13A
NDC1,NDC1
FOSL2,FOSL2
DOCK7,DOCK7
LSMEM1,LSMEM1
FADS3,FADS3
STAT4,STAT4
PRELP,PRELP
KIFC3,KIFC3
SLC51A,SLC51A
CPNE3,CPNE3
RASSF8,RASSF8
CUL1,CUL1
RTF2,RTF2
DENND1A,DENND1A
LCAT,LCAT
PPIL4,PPIL4
INKA1,INKA1
NECAB2,NECAB2
EIF4E,EIF4E
SLC25A34,SLC25A34
PEAK1,PEAK1
RSAD2,RSAD2
PXYLP1,PXYLP1
THAP2,THAP2
AXL,AXL
ADAM23,ADAM23
SRPK1,SRPK1
ELL3,ELL3
WDR13,WDR13
LMNB1,LMNB1
GTPBP1,GTPBP1
LINC01127,LINC01127
B3GNT7,B3GNT7
KALRN,KALRN
CLCF1,CLCF1
LTA,LTA
AURKA,AURKA
RNASE6,RNASE6
EFCAB10,EFCAB10
LDB2,LDB2
ITGA7,ITGA7
MAST4,MAST4
LIN7A,LIN7A
TEX22,TEX22
DDIT3,DDIT3
ERLIN1,ERLIN1
DPEP2,DPEP2
RIPOR3,RIPOR3
ACSL3,ACSL3
ALKBH1,ALKBH1
MAD2L1,MAD2L1
PNP,PNP
PPP1R16A,PPP1R16A
CLK1,CLK1
KCNMA1,KCNMA1
HPX,HPX
DDX3Y,DDX3Y
ZNF99,ZNF99
LAT2,LAT2
CD52,CD52
VASP,VASP
KRT6A,KRT6A
IL10RB,IL10RB
ALCAM,ALCAM
PCCB,PCCB
PIH1D1,PIH1D1
HEATR3,HEATR3
ITK,ITK
EHD1,EHD1
CCDC50,CCDC50
KIR3DX1,KIR3DX1
CPS1,CPS1
PLEKHF1,PLEKHF1
SLC6A4,SLC6A4
CHMP3,CHMP3
KDM3A,KDM3A
DDX60L,DDX60L
SCAMP1-AS1,SCAMP1-AS1
PARVG,PARVG
GNG7,GNG7
EML6,EML6
SOX11,SOX11
NGLY1,NGLY1
ABCD1,ABCD1
NPL,NPL
SGIP1,SGIP1
CLHC1,CLHC1
MLANA,MLANA
LINC00958,LINC00958
MAEA,MAEA
LURAP1L,LURAP1L
HEXIM2,HEXIM2
SCN3A,SCN3A
FHDC1,FHDC1
CFB,CFB
DDX41,DDX41
SMG5,SMG5
POGLUT2,POGLUT2
CLEC5A,CLEC5A
XRN2,XRN2
CCDC150,CCDC150
VPS37B,VPS37B
SLC26A8,SLC26A8
LINC02363,LINC02363
EMC10,EMC10
ATF4,ATF4
MX1,MX1
ATP9A,ATP9A
PACC1,PACC1
EMSY,EMSY
RNGTT,RNGTT
TAF1B,TAF1B
CFAP161,CFAP161
VWA3B,VWA3B
CCL23,CCL23
SLU7,SLU7
WDFY3,WDFY3
RHEB,RHEB
TAF3,TAF3
NCOA5,NCOA5
SPEG,SPEG
MYL2,MYL2
WDR17,WDR17
FBXO5,FBXO5
POFUT1,POFUT1
LRRC34,LRRC34
DENND2C,DENND2C
DIP2B,DIP2B
SYNM,SYNM
PNPLA2,PNPLA2
HTR3A,HTR3A
OCIAD2,OCIAD2
TUBB2A,TUBB2A
SKIL,SKIL
PELI2,PELI2
GSTP1,GSTP1
JAKMIP3,JAKMIP3
ADGRD1,ADGRD1
SLC39A5,SLC39A5
DHTKD1,DHTKD1
MYH15,MYH15
GBP5,GBP5
GRB2,GRB2
TNIK,TNIK
SPAG1,SPAG1
RPS6KB2,RPS6KB2
RGPD1,RGPD1
HYOU1,HYOU1
APBB3,APBB3
DDIT4L,DDIT4L
CSRP2,CSRP2
RUNDC3A,RUNDC3A
KLRC4,KLRC4
CCDC112,CCDC112
KPTN,KPTN
CDT1,CDT1
INPP4B,INPP4B
UNC13D,UNC13D
IMPACT,IMPACT
RAB31,RAB31
PCTP,PCTP
CDC14A,CDC14A
RPL41,RPL41
LRRC4,LRRC4
SPG7,SPG7
DGKK,DGKK
ACOX1,ACOX1
PREX2,PREX2
ITGA2,ITGA2
TDRP,TDRP
SLAMF7,SLAMF7
CDCA5,CDCA5
LINC00482,LINC00482
RCVRN,RCVRN
DHDH,DHDH
DEPDC1,DEPDC1
GTF2IRD2,GTF2IRD2
EMP2,EMP2
FAAH2,FAAH2
LRRC26,LRRC26
RPL34,RPL34
ILK,ILK
MT-ND6,MT-ND6
ZC3H12A,ZC3H12A
RIOK3,RIOK3
GAS7,GAS7
TMEM266,TMEM266
LINC00943,LINC00943
HLA-DOB,HLA-DOB
NT5C3A,NT5C3A
LINC01560,LINC01560
NEGR1,NEGR1
GPCPD1,GPCPD1
PCYT1B,PCYT1B
SDC4,SDC4
HECA,HECA
IL1RAP,IL1RAP
ALKAL2,ALKAL2
USP38,USP38
POU2F2,POU2F2
CYTOR,CYTOR
LARGE1,LARGE1
SPAG4,SPAG4
ZDBF2,ZDBF2
FANK1,FANK1
PRC1,PRC1
P2RY14,P2RY14
UFD1,UFD1
OLFML3,OLFML3
DHFR,DHFR
ANKRD50,ANKRD50
CD226,CD226
IL6ST,IL6ST
GTF3C1,GTF3C1
AUP1,AUP1
S100A1,S100A1
ITPRID2,ITPRID2
LINC00638,LINC00638
SAMD14,SAMD14
MGLL,MGLL
CSF2RB,CSF2RB
MAP1B,MAP1B
LINC00545,LINC00545
LINC01013,LINC01013
RAB7B,RAB7B
WWP2,WWP2
SNHG25,SNHG25
ZNF385D,ZNF385D
HORMAD1,HORMAD1
COCH,COCH
CCDC85A,CCDC85A
RPS29,RPS29
ZNF296,ZNF296
LGALS8,LGALS8
AUTS2,AUTS2
NEDD4,NEDD4
XIRP2,XIRP2
DCT,DCT
HPSE,HPSE
RNF165,RNF165
RHD,RHD
MBOAT7,MBOAT7
FHL1,FHL1
PPEF1,PPEF1
IL6R,IL6R
SMAD7,SMAD7
ZAP70,ZAP70
TRIM36,TRIM36
ANKS1B,ANKS1B
CAMK4,CAMK4
TENT5A,TENT5A
KLHL14,KLHL14
NOVA1,NOVA1
PARD3,PARD3
CPNE5,CPNE5
BIK,BIK
ERRFI1,ERRFI1
RGS10,RGS10
EPB41L3,EPB41L3
HCAR2,HCAR2
ABCA2,ABCA2
DYM,DYM
ITGB2,ITGB2
KRT8,KRT8
FECH,FECH
ITPRIP,ITPRIP
PIM3,PIM3
MTMR7,MTMR7
GCSAM,GCSAM
BNIPL,BNIPL
CD40,CD40
CDCA2,CDCA2
AOC2,AOC2
GTSCR1,GTSCR1
ARHGEF40,ARHGEF40
EXD3,EXD3
SEMA4D,SEMA4D
DKK3,DKK3
SERPINB9,SERPINB9
ATF7IP,ATF7IP
GBP2,GBP2
PLPP6,PLPP6
PDE4A,PDE4A
GNG2,GNG2
COLQ,COLQ
TBXA2R,TBXA2R
OASL,OASL
SKAP2,SKAP2
SLC16A6,SLC16A6
SWT1,SWT1
PIK3CD,PIK3CD
SLC35C2,SLC35C2
MGST3,MGST3
FLI1,FLI1
RASGRP4,RASGRP4
ALDOC,ALDOC
GEMIN7,GEMIN7
EZH2,EZH2
CXCR3,CXCR3
CHST2,CHST2
TAX1BP1,TAX1BP1
LGALS9B,LGALS9B
LINC00862,LINC00862
BLNK,BLNK
KMT2D,KMT2D
CYP46A1,CYP46A1
KCNT1,KCNT1
ARHGAP26,ARHGAP26
VAMP1,VAMP1
B3GAT1,B3GAT1
ATP8B4,ATP8B4
GABPB1,GABPB1
NMUR1,NMUR1
CAMKK2,CAMKK2
RAB18,RAB18
RAPGEF5,RAPGEF5
ARG2,ARG2
TAF1C,TAF1C
SLC38A10,SLC38A10
NACA2,NACA2
GPR12,GPR12
SEC14L5,SEC14L5
RBFADN,RBFADN
RPS6,RPS6
AGFG1,AGFG1
TRABD2A,TRABD2A
SVOPL,SVOPL
WEE1,WEE1
NETO1,NETO1
PPM1H,PPM1H
PIF1,PIF1
DIP2A,DIP2A
AANAT,AANAT
MTHFR,MTHFR
LYN,LYN
PPP1R16B,PPP1R16B
MLF1,MLF1
SLAMF1,SLAMF1
TMOD3,TMOD3
FBXL14,FBXL14
SNX9,SNX9
FERMT3,FERMT3
CD96,CD96
CRELD1,CRELD1
SLFN13,SLFN13
PPARA,PPARA
NELL2,NELL2
PTH2,PTH2
PRAP1,PRAP1
MIR4435-2HG,MIR4435-2HG
PBX2,PBX2
PGS1,PGS1
S100A13,S100A13
GDPD3,GDPD3
KIF13A,KIF13A
PRG4,PRG4
XPA,XPA
CCDC141,CCDC141
MEGF11,MEGF11
PTPN22,PTPN22
LGR6,LGR6
LINC00469,LINC00469
ZNF454,ZNF454
PLAAT1,PLAAT1
TMEM176A,TMEM176A
FAM210B,FAM210B
METTL7B,METTL7B
TIMMDC1,TIMMDC1
JSRP1,JSRP1
PIK3IP1,PIK3IP1
NDUFS2,NDUFS2
KRCC1,KRCC1
USP39,USP39
PAN2,PAN2
ALOX5,ALOX5
ABCB1,ABCB1
UTRN,UTRN
ANGPT1,ANGPT1
HIF1A,HIF1A
PACSIN3,PACSIN3
ADAMTS8,ADAMTS8
SLA,SLA
GPRC5C,GPRC5C
SLAMF8,SLAMF8
ACTN3,ACTN3
RORB,RORB
SYAP1,SYAP1
PYGM,PYGM
CSGALNACT2,CSGALNACT2
GCLM,GCLM
MYZAP,MYZAP
BUB1,BUB1
PPP1R9A,PPP1R9A
TRIM10,TRIM10
ELL,ELL
GPATCH2,GPATCH2
PRMT9,PRMT9
ZNF831,ZNF831
GPR42,GPR42
FAM193A,FAM193A
ANKRD9,ANKRD9
CADM1,CADM1
PUS10,PUS10
ADAP2,ADAP2
N4BP3,N4BP3
LRIF1,LRIF1
BTNL9,BTNL9
EVI2B,EVI2B
SOCS2,SOCS2
SURF1,SURF1
ARL11,ARL11
DLX2,DLX2
NFIX,NFIX
RPL21,RPL21
PKN2,PKN2
SPOP,SPOP
MIR222HG,MIR222HG
CTSV,CTSV
MFSD10,MFSD10
RTTN,RTTN
RPS4Y2,RPS4Y2
KANK2,KANK2
SMG7,SMG7
CD59,CD59
CBX1,CBX1
HELLS,HELLS
POR,POR
ZKSCAN1,ZKSCAN1
PATL2,PATL2
SHANK2,SHANK2
PPP3CA,PPP3CA
TYK2,TYK2
PRKG1,PRKG1
BNIP3L,BNIP3L
GRIN3B,GRIN3B
PRAM1,PRAM1
MGST1,MGST1
SNX10,SNX10
CFLAR,CFLAR
DBH,DBH
VLDLR,VLDLR
MAP3K5,MAP3K5
AP3M2,AP3M2
RAB13,RAB13
GK5,GK5
TRIM6,TRIM6
COL13A1,COL13A1
ZNF10,ZNF10
MFSD1,MFSD1
LUC7L,LUC7L
NRG2,NRG2
SDF2L1,SDF2L1
LRRC25,LRRC25
CDHR1,CDHR1
SYN2,SYN2
GPR27,GPR27
WNT16,WNT16
MDM2,MDM2
GRK2,GRK2
PDGFD,PDGFD
PRDM8,PRDM8
RIMS3,RIMS3
YWHAH,YWHAH
NCS1,NCS1
GBP1,GBP1
AHR,AHR
ATP6V1A,ATP6V1A
SLC25A15,SLC25A15
GSTO1,GSTO1
ATP1A2,ATP1A2
KIF11,KIF11
SEMA7A,SEMA7A
GFOD1,GFOD1
BCL3,BCL3
CPEB4,CPEB4
YPEL1,YPEL1
KIF27,KIF27
PTAFR,PTAFR
ICE1,ICE1
MUC16,MUC16
ANKH,ANKH
FYN,FYN
ULBP2,ULBP2
LINC00158,LINC00158
USP43,USP43
STAM2,STAM2
ANK1,ANK1
JAG1,JAG1
ZMPSTE24,ZMPSTE24
FBLN7,FBLN7
DNER,DNER
EPHB1,EPHB1
GIGYF1,GIGYF1
PDZD2,PDZD2
CDHR3,CDHR3
SIGLEC1,SIGLEC1
SIGLEC10,SIGLEC10
ABHD17A,ABHD17A
FRAT1,FRAT1
EGLN2,EGLN2
FOXC1,FOXC1
ELOVL6,ELOVL6
DLGAP4,DLGAP4
RBL2,RBL2
CD28,CD28
DOCK8,DOCK8
LRP1,LRP1
CLEC17A,CLEC17A
UGT2B17,UGT2B17
RHCE,RHCE
MYBL2,MYBL2
MYO1C,MYO1C
TSPAN9,TSPAN9
IQCN,IQCN
R3HDM4,R3HDM4
TMEM37,TMEM37
LCN10,LCN10
FXYD7,FXYD7
HERC5,HERC5
NDST3,NDST3
VAV1,VAV1
SC5D,SC5D
MAFG,MAFG
GRINA,GRINA
BACE2,BACE2
POLG,POLG
SUCLG1,SUCLG1
LCOR,LCOR
DIAPH2,DIAPH2
FKBP2,FKBP2
CYTL1,CYTL1
ACAP2,ACAP2
TMEM154,TMEM154
LINC00513,LINC00513
PRL,PRL
NUAK1,NUAK1
TULP2,TULP2
CECR2,CECR2
CD5,CD5
CMYA5,CMYA5
HLA-DMB,HLA-DMB
RSF1,RSF1
MAP4K2,MAP4K2
POLD4,POLD4
IL12RB2,IL12RB2
GAB1,GAB1
ADRB2,ADRB2
SMC2,SMC2
SEZ6,SEZ6
KIF2A,KIF2A
CEP126,CEP126
LINC01281,LINC01281
GNS,GNS
ZNF33A,ZNF33A
OSR2,OSR2
LIPG,LIPG
HES6,HES6
CCNH,CCNH
OXR1,OXR1
GALNT14,GALNT14
PHOSPHO1,PHOSPHO1
B3GALT2,B3GALT2
PEX11G,PEX11G
DIPK1C,DIPK1C
KDM5D,KDM5D
MINDY4,MINDY4
NPLOC4,NPLOC4
ST8SIA1,ST8SIA1
BST1,BST1
PGAP1,PGAP1
STAT5B,STAT5B
P2RX7,P2RX7
PERP,PERP
TMEM107,TMEM107
AKAP5,AKAP5
DSE,DSE
TSPAN33,TSPAN33
SLC9A8,SLC9A8
SOS2,SOS2
KCNH3,KCNH3
EXD1,EXD1
PILRA,PILRA
GCNT4,GCNT4
APBA2,APBA2
CR1L,CR1L
SEL1L3,SEL1L3
IGSF10,IGSF10
TOX,TOX
KIF21A,KIF21A
BEND7,BEND7
CD300A,CD300A
TP53INP1,TP53INP1
EIF1AY,EIF1AY
ERN1,ERN1
LARGE2,LARGE2
MCTP1,MCTP1
HHEX,HHEX
MLC1,MLC1
NDC80,NDC80
LINC01229,LINC01229
HIGD1B,HIGD1B
APOBEC3G,APOBEC3G
BACH1,BACH1
DNAH6,DNAH6
TRIM56,TRIM56
DCAF12,DCAF12
BATF2,BATF2
IFFO2,IFFO2
PLEKHG1,PLEKHG1
ZBTB8OS,ZBTB8OS
MATN2,MATN2
PLPPR2,PLPPR2
PVRIG,PVRIG
CCAR2,CCAR2
CDC42EP3,CDC42EP3
NEK2,NEK2
MXD3,MXD3
MAK,MAK
CD44,CD44
RAB30,RAB30
SLC7A8,SLC7A8
PREX1,PREX1
RBMS1,RBMS1
DGKA,DGKA
MAP9,MAP9
EIF2AK3,EIF2AK3
CHSY1,CHSY1
ARRDC1,ARRDC1
ST20,ST20
SRGAP1,SRGAP1
GCOM1,GCOM1
FOXO3,FOXO3
GSTM2,GSTM2
ASCL2,ASCL2
ODF2L,ODF2L
SLFN5,SLFN5
BAALC,BAALC
USP36,USP36
ART4,ART4
ADRA2A,ADRA2A
PARP12,PARP12
SIRPG,SIRPG
KIF15,KIF15
SLC2A5,SLC2A5
CD302,CD302
ADAMTS17,ADAMTS17
HTR7,HTR7
ATP1B3,ATP1B3
PACSIN1,PACSIN1
TNFRSF1A,TNFRSF1A
TRAF4,TRAF4
DGKD,DGKD
PSTPIP1,PSTPIP1
HGSNAT,HGSNAT
MECOM,MECOM
HLA-G,HLA-G
TSNAX,TSNAX
CHD7,CHD7
MYO10,MYO10
LINC00092,LINC00092
SLC1A7,SLC1A7
FAM89A,FAM89A
NGRN,NGRN
CDC25B,CDC25B
RIF1,RIF1
PRDX1,PRDX1
PAGR1,PAGR1
SH2D6,SH2D6
STXBP5,STXBP5
GPR18,GPR18
PPP2R2B,PPP2R2B
MT-CYB,MT-CYB
THEMIS,THEMIS
TMEM88,TMEM88
PARD6G,PARD6G
RPL32,RPL32
CASC15,CASC15
LINGO2,LINGO2
CCR10,CCR10
FAM177A1,FAM177A1
E2F5,E2F5
LANCL3,LANCL3
LCP1,LCP1
RGPD2,RGPD2
RHBDF2,RHBDF2
HLA-DQB2,HLA-DQB2
BAIAP2L1,BAIAP2L1
LINC01270,LINC01270
IL26,IL26
BNC2,BNC2
NOTCH3,NOTCH3
PRPF8,PRPF8
FNBP1L,FNBP1L
GPBP1L1,GPBP1L1
SLFN12L,SLFN12L
AEBP1,AEBP1
RELB,RELB
TPM3,TPM3
KIF22,KIF22
ABCG1,ABCG1
IPCEF1,IPCEF1
PROM1,PROM1
ATP1B2,ATP1B2
TNFRSF25,TNFRSF25
ASB15,ASB15
CAPN15,CAPN15
LINC01011,LINC01011
LINC02084,LINC02084
CRYM,CRYM
KIF20B,KIF20B
SPTBN1,SPTBN1
ECE1,ECE1
AGO1,AGO1
S1PR1,S1PR1
PLEKHG2,PLEKHG2
PTPRR,PTPRR
PHF21A,PHF21A
GNG10,GNG10
EAF1,EAF1
LINC01537,LINC01537
OSBPL2,OSBPL2
YJEFN3,YJEFN3
C1QTNF4,C1QTNF4
CCDC25,CCDC25
ENDOD1,ENDOD1
CLEC2B,CLEC2B
IL13RA1,IL13RA1
PDZK1,PDZK1
ZMAT4,ZMAT4
OXNAD1,OXNAD1
TNNT1,TNNT1
CCDC184,CCDC184
ENPP1,ENPP1
STRN3,STRN3
CRYBG1,CRYBG1
MID1IP1,MID1IP1
NAIP,NAIP
REL,REL
SLC12A9,SLC12A9
TOGARAM2,TOGARAM2
KIAA0825,KIAA0825
RPS10,RPS10
EPM2A,EPM2A
RHOBTB3,RHOBTB3
FERMT2,FERMT2
FOXJ1,FOXJ1
WHAMM,WHAMM
ESCO2,ESCO2
ERICH3,ERICH3
NDEL1,NDEL1
RAD54L2,RAD54L2
LCNL1,LCNL1
GPM6A,GPM6A
CDK17,CDK17
CPNE7,CPNE7
CLEC2D,CLEC2D
MAP4K4,MAP4K4
CALHM6,CALHM6
M1AP,M1AP
HSF4,HSF4
TLR10,TLR10
NOSIP,NOSIP
CBLB,CBLB
EBLN2,EBLN2
HCAR1,HCAR1
PECAM1,PECAM1
ZNF429,ZNF429
ACTA2,ACTA2
EFNA5,EFNA5
NAV2,NAV2
RSPH14,RSPH14
RALGAPA2,RALGAPA2
UNC5CL,UNC5CL
NBL1,NBL1
DMKN,DMKN
GALM,GALM
PRKCH,PRKCH
GSDME,GSDME
AARD,AARD
PHLDB2,PHLDB2
CAMK2G,CAMK2G
ABCC10,ABCC10
SPATA2L,SPATA2L
KCNK12,KCNK12
LINC01934,LINC01934
ZDHHC13,ZDHHC13
ENPP3,ENPP3
TCOF1,TCOF1
PGM2L1,PGM2L1
LAX1,LAX1
WSB1,WSB1
CYCS,CYCS
KCNN4,KCNN4
PMEPA1,PMEPA1
RNF222,RNF222
ZNF254,ZNF254
ZNF335,ZNF335
PLCG2,PLCG2
ACSL4,ACSL4
DSEL,DSEL
MSL3,MSL3
KCNRG,KCNRG
GCDH,GCDH
FRAT2,FRAT2
MYO1B,MYO1B
DOK1,DOK1
RHOH,RHOH
PLIN3,PLIN3
FOXD1,FOXD1
RNF13,RNF13
MYO15B,MYO15B
LINC02345,LINC02345
MMP23B,MMP23B
CEP55,CEP55
BARX2,BARX2
CAMK2B,CAMK2B
PIR,PIR
AK5,AK5
CEP19,CEP19
LTBR,LTBR
TCTA,TCTA
GPR68,GPR68
TMEM217,TMEM217
LINC02384,LINC02384
RBPMS,RBPMS
RAB32,RAB32
TBP,TBP
CYFIP1,CYFIP1
AXDND1,AXDND1
CNST,CNST
APOBEC3H,APOBEC3H
EGLN1,EGLN1
PPP2CA,PPP2CA
UQCRHL,UQCRHL
LHFPL5,LHFPL5
SIRPB1,SIRPB1
ILDR2,ILDR2
NCALD,NCALD
MPZL3,MPZL3
MAGEH1,MAGEH1
BTG3,BTG3
SIT1,SIT1
PPP1R3B,PPP1R3B
GREB1L,GREB1L
NREP,NREP
HK2,HK2
MFSD2A,MFSD2A
TTC16,TTC16
FCGR1A,FCGR1A
KLHL3,KLHL3
TMCC3,TMCC3
TRIM72,TRIM72
IKZF3,IKZF3
PTPN4,PTPN4
RNF130,RNF130
TSPAN18,TSPAN18
RTL8B,RTL8B
FBLN5,FBLN5
MICU3,MICU3
TSEN54,TSEN54
PCSK1N,PCSK1N
PODN,PODN
RBM47,RBM47
GRIK4,GRIK4
PADI2,PADI2
RCHY1,RCHY1
ATAD2,ATAD2
BMP6,BMP6
SARAF,SARAF
ATP2B1,ATP2B1
FHIT,FHIT
C20orf204,C20orf204
PTPN13,PTPN13
RNF41,RNF41
NME9,NME9
ADARB2,ADARB2
PPP2R5C,PPP2R5C
LINC02217,LINC02217
PZP,PZP
COL6A1,COL6A1
LEP,LEP
ETNK1,ETNK1
AURKC,AURKC
ADGRV1,ADGRV1
VGF,VGF
DAB2IP,DAB2IP
RCAN3,RCAN3
PKD1L1,PKD1L1
LINC00520,LINC00520
STRBP,STRBP
VTA1,VTA1
IL2RG,IL2RG
TECPR2,TECPR2
MUC12,MUC12
BTG1,BTG1
SCN7A,SCN7A
SH3BGRL3,SH3BGRL3
KIF2C,KIF2C
SOX18,SOX18
ULBP1,ULBP1
RUNX2,RUNX2
ANK3,ANK3
GPR15,GPR15
PID1,PID1
SMPDL3A,SMPDL3A
LRP2BP,LRP2BP
CCND2,CCND2
SCML4,SCML4
FBXL2,FBXL2
CCND3,CCND3
NRBF2,NRBF2
SLC16A13,SLC16A13
LINC00402,LINC00402
WNT3,WNT3
CHST12,CHST12
RTP5,RTP5
NR2F2,NR2F2
CHMP1B,CHMP1B
KCNE5,KCNE5
FLNA,FLNA
FSCN3,FSCN3
MIR181A1HG,MIR181A1HG
OLMALINC,OLMALINC
PPP1R14B,PPP1R14B
DDX3X,DDX3X
KHDRBS3,KHDRBS3
FXYD3,FXYD3
POU5F1B,POU5F1B
COL5A3,COL5A3
PDGFRB,PDGFRB
GPR25,GPR25
CYP2F1,CYP2F1
RGS9,RGS9
SLITRK5,SLITRK5
LEMD1-DT,LEMD1-DT
CCDC144A,CCDC144A
OSBP2,OSBP2
ABRA,ABRA
LINC02422,LINC02422
AKAP6,AKAP6
TESPA1,TESPA1
ADORA3,ADORA3
ZNF583,ZNF583
PTGER2,PTGER2
DCST1,DCST1
BOK,BOK
SPON1,SPON1
LINC00384,LINC00384
HSD11B1,HSD11B1
DIRAS3,DIRAS3
PRR5,PRR5
ASH2L,ASH2L
HK1,HK1
DOT1L,DOT1L
SMAD1,SMAD1
LRRC28,LRRC28
OSBPL8,OSBPL8
MKNK2,MKNK2
LIM2,LIM2
MIR194-2HG,MIR194-2HG
EFNA1,EFNA1
GNAI2,GNAI2
SLC20A2,SLC20A2
GALNT4,GALNT4
ST8SIA6,ST8SIA6
SAP130,SAP130
GAS2L1,GAS2L1
BCAS1,BCAS1
SIPA1L2,SIPA1L2
TCEAL2,TCEAL2
CTSA,CTSA
KCNK13,KCNK13
LEFTY1,LEFTY1
FGF13,FGF13
TPH1,TPH1
SKAP1,SKAP1
STK40,STK40
ITGB5,ITGB5
PCNX4,PCNX4
SLC4A4,SLC4A4
SYCE1L,SYCE1L
ANLN,ANLN
ABCB9,ABCB9
HEXB,HEXB
APLP1,APLP1
RPLP2,RPLP2
ADAMTS2,ADAMTS2
DHRS2,DHRS2
GRHL1,GRHL1
ZBTB21,ZBTB21
PCDH1,PCDH1
GALNT15,GALNT15
LZTS1,LZTS1
TMEM156,TMEM156
TNK2,TNK2
CEP290,CEP290
GFI1,GFI1
SQSTM1,SQSTM1
ISG20,ISG20
LCK,LCK
PPM1N,PPM1N
AACS,AACS
SLC24A3,SLC24A3
PRR7,PRR7
HLF,HLF
LINC00239,LINC00239
ABCB4,ABCB4
SGO2,SGO2
STAP1,STAP1
ZNF664,ZNF664
TALDO1,TALDO1
LINC00895,LINC00895
DOK2,DOK2
AGO3,AGO3
MAST2,MAST2
DUOX1,DUOX1
CCR1,CCR1
HPD,HPD
DUT,DUT
SNX22,SNX22
PGF,PGF
GSR,GSR
NDFIP2,NDFIP2
PTPN7,PTPN7
P2RY10,P2RY10
IMPA1,IMPA1
CLDND2,CLDND2
LMOD3,LMOD3
PPM1A,PPM1A
SSX2IP,SSX2IP
DBNDD2,DBNDD2
LINC01973,LINC01973
ERBB2,ERBB2
UROD,UROD
MYH11,MYH11
SLF1,SLF1
CCR8,CCR8
PRKCZ,PRKCZ
ATP13A2,ATP13A2
ZNF804A,ZNF804A
XPR1,XPR1
LPAR6,LPAR6
FRMD4A,FRMD4A
TRPM8,TRPM8
TYW5,TYW5
MACF1,MACF1
EHD3,EHD3
FGD4,FGD4
FGF9,FGF9
LINC02604,LINC02604
ZBTB10,ZBTB10
METTL7A,METTL7A
GPR160,GPR160
RASGEF1A,RASGEF1A
HMGCS1,HMGCS1
ANKRD33B,ANKRD33B
CCDC71L,CCDC71L
BEX5,BEX5
SLC10A5,SLC10A5
MLLT11,MLLT11
NSG1,NSG1
JMY,JMY
TFDP2,TFDP2
KSR2,KSR2
HVCN1,HVCN1
ITGA10,ITGA10
GSTM1,GSTM1
PLPP3,PLPP3
OLFML2A,OLFML2A
LINC00944,LINC00944
LINC02649,LINC02649
CDS2,CDS2
SLC35A3,SLC35A3
SNHG9,SNHG9
DNAAF2,DNAAF2
MOK,MOK
TSPAN4,TSPAN4
GLIPR2,GLIPR2
SLC8A1,SLC8A1
PRDX2,PRDX2
PRR5L,PRR5L
LINC02245,LINC02245
MSRB3,MSRB3
LAPTM4B,LAPTM4B
NXPH4,NXPH4
TC2N,TC2N
CD84,CD84
GPHN,GPHN
TAPT1,TAPT1
ERV3-1,ERV3-1
OTUD7B,OTUD7B
ZNF844,ZNF844
ARL4A,ARL4A
TLR5,TLR5
GLRA3,GLRA3
RASGRP3,RASGRP3
CTPS1,CTPS1
TERF2IP,TERF2IP
LINC01644,LINC01644
PDZD4,PDZD4
NT5E,NT5E
DBNDD1,DBNDD1
AOAH,AOAH
DUSP8,DUSP8
BTLA,BTLA
SLC6A6,SLC6A6
CAPN12,CAPN12
PRELID2,PRELID2
ZBTB43,ZBTB43
CYP51A1,CYP51A1
RASGRP1,RASGRP1
CSKMT,CSKMT
GPR65,GPR65
KHDRBS2,KHDRBS2
GASK1B,GASK1B
TGFA,TGFA
SLTM,SLTM
CHRNA1,CHRNA1
CALY,CALY
LCN8,LCN8
CCDC7,CCDC7
CEACAM4,CEACAM4
CHL1,CHL1
HDAC4,HDAC4
ST6GALNAC2,ST6GALNAC2
AGAP1,AGAP1
IRGM,IRGM
ATF5,ATF5
MINPP1,MINPP1
KRT15,KRT15
TEAD2,TEAD2
STK17A,STK17A
CAMK2N1,CAMK2N1
TEX9,TEX9
TRIM9,TRIM9
LARP4B,LARP4B
EPHX4,EPHX4
PNOC,PNOC
KATNBL1,KATNBL1
LINC02539,LINC02539
RAB6B,RAB6B
DHRS3,DHRS3
SGO1,SGO1
CCPG1,CCPG1
FUT7,FUT7
TPRG1-AS1,TPRG1-AS1
PDE7B,PDE7B
ACSL6,ACSL6
SLC22A18AS,SLC22A18AS
ZBP1,ZBP1
BBC3,BBC3
GATA3-AS1,GATA3-AS1
MX2,MX2
PAPSS1,PAPSS1
HPN,HPN
GDF11,GDF11
RSPH9,RSPH9
SH3BP5,SH3BP5
PROC,PROC
PKMYT1,PKMYT1
FMNL1,FMNL1
BMP7,BMP7
NRIP3,NRIP3
FOXO6,FOXO6
CASS4,CASS4
ADAP1,ADAP1
SEMA6B,SEMA6B
SLC43A2,SLC43A2
TRMU,TRMU
CCDC159,CCDC159
ZNF224,ZNF224
SUCNR1,SUCNR1
HDAC3,HDAC3
DNAH7,DNAH7
TMEM200A,TMEM200A
TRAPPC5,TRAPPC5
NMI,NMI
ENPP4,ENPP4
IDS,IDS
TTLL5,TTLL5
SGMS1,SGMS1
SYK,SYK
BCL2,BCL2
ASTL,ASTL
BOLA2,BOLA2
DOK3,DOK3
ABHD1,ABHD1
HOXB2,HOXB2
TMEM272,TMEM272
CNN1,CNN1
CCDC34,CCDC34
CHD2,CHD2
FAM184A,FAM184A
SUB1,SUB1
OSBPL10,OSBPL10
IQCH,IQCH
BTN3A1,BTN3A1
NXF1,NXF1
IL21R,IL21R
SAV1,SAV1
ABI3,ABI3
TMEM44,TMEM44
IRF2BPL,IRF2BPL
HRH1,HRH1
NDRG1,NDRG1
RAB33A,RAB33A
SATB1,SATB1
SFXN1,SFXN1
EEF1A2,EEF1A2
ZDHHC3,ZDHHC3
SPOCD1,SPOCD1
RBFOX3,RBFOX3
SEMA5A,SEMA5A
SLC25A13,SLC25A13
KIF19,KIF19
SLC37A3,SLC37A3
JAKMIP1,JAKMIP1
KIF23,KIF23
BICDL2,BICDL2
TMED5,TMED5
SULT1A1,SULT1A1
IFNGR1,IFNGR1
TMPRSS11E,TMPRSS11E
RAP1B,RAP1B
FAM161B,FAM161B
LSR,LSR
AEN,AEN
BCL2L1,BCL2L1
PSD,PSD
JAM3,JAM3
CHML,CHML
THBS4,THBS4
SFN,SFN
ZBED5,ZBED5
RBPJ,RBPJ
RRM1,RRM1
HEY2,HEY2
BNIP3,BNIP3
MKNK1,MKNK1
TBC1D30,TBC1D30
IQGAP1,IQGAP1
TNS1,TNS1
KCNA3,KCNA3
ARSJ,ARSJ
ALDH3B1,ALDH3B1
UBASH3A,UBASH3A
MEFV,MEFV
BAIAP3,BAIAP3
GLI3,GLI3
FN3K,FN3K
SWAP70,SWAP70
TOB2,TOB2
XPO7,XPO7
SLC23A1,SLC23A1
SLAMF6,SLAMF6
KIF5C,KIF5C
TSPAN5,TSPAN5
PRNP,PRNP
MXRA7,MXRA7
DRAXIN,DRAXIN
MYRIP,MYRIP
FAM3D,FAM3D
MT-ND4,MT-ND4
APTR,APTR
PLCG1,PLCG1
MIDN,MIDN
KIR3DL3,KIR3DL3
CNKSR3,CNKSR3
MTG1,MTG1
CCDC152,CCDC152
IRF7,IRF7
DPP4,DPP4
CRIP2,CRIP2
SGCD,SGCD
RNF138,RNF138
EDARADD,EDARADD
LINC02273,LINC02273
DLG5,DLG5
ARHGAP1,ARHGAP1
TGFB1,TGFB1
DIP2C,DIP2C
UPK3BL1,UPK3BL1
SMIM8,SMIM8
PARP8,PARP8
FAM120A,FAM120A
NME8,NME8
DNAJB6,DNAJB6
AHI1,AHI1
JAKMIP2,JAKMIP2
ATG4B,ATG4B
ATF7IP2,ATF7IP2
LETM2,LETM2
GBA2,GBA2
TBC1D4,TBC1D4
MRPL1,MRPL1
NUP58,NUP58
CLINT1,CLINT1
CNIH2,CNIH2
DCUN1D4,DCUN1D4
FAM110A,FAM110A
USP4,USP4
RAF1,RAF1
ST6GALNAC6,ST6GALNAC6
KRT2,KRT2
FAM83D,FAM83D
PPP2R5A,PPP2R5A
ESM1,ESM1
LTK,LTK
MAPRE2,MAPRE2
GPR55,GPR55
ZFAND5,ZFAND5
GAS6,GAS6
HSH2D,HSH2D
MAN2C1,MAN2C1
CBX7,CBX7
GREM2,GREM2
LINC00987,LINC00987
HS3ST3B1,HS3ST3B1
NFATC4,NFATC4
FAM53C,FAM53C
CCDC73,CCDC73
ENPP5,ENPP5
PLXND1,PLXND1
STX17,STX17
RPGR,RPGR
NUCB2,NUCB2
CAVIN1,CAVIN1
CYP4B1,CYP4B1
EIF4A1,EIF4A1
AGRP,AGRP
ADTRP,ADTRP
HOXA7,HOXA7
USP19,USP19
OGFRL1,OGFRL1
LINC01550,LINC01550
KMO,KMO
FEN1,FEN1
ZNF236,ZNF236
NET1,NET1
COL24A1,COL24A1
BAHD1,BAHD1
MECP2,MECP2
KLF9,KLF9
SRPX,SRPX
METTL24,METTL24
MYO1E,MYO1E
RSRP1,RSRP1
PTPRK,PTPRK
ASGR1,ASGR1
FLT3LG,FLT3LG
ARRDC3,ARRDC3
LINC00937,LINC00937
FAM110C,FAM110C
MDS2,MDS2
CNN3,CNN3
STX1A,STX1A
GNB5,GNB5
SPDYC,SPDYC
CNR2,CNR2
KYNU,KYNU
WNT11,WNT11
STXBP1,STXBP1
CTRC,CTRC
HOXA9,HOXA9
MAN2A2,MAN2A2
GLB1L2,GLB1L2
PTCH2,PTCH2
CFAP73,CFAP73
HSDL2,HSDL2
GNAQ,GNAQ
ELP1,ELP1
LBH,LBH
GLCCI1,GLCCI1
PTGIR,PTGIR
NEK10,NEK10
CACNA2D2,CACNA2D2
RPS19,RPS19
SESN3,SESN3
ZNF519,ZNF519
RECK,RECK
PLAAT2,PLAAT2
SSTR3,SSTR3
RNF125,RNF125
NSMCE1,NSMCE1
KCNK5,KCNK5
CHRNA10,CHRNA10
ADAM19,ADAM19
ROR1,ROR1
ORC6,ORC6
STK10,STK10
HEXIM1,HEXIM1
CT70,CT70
CBLL1,CBLL1
CDH13,CDH13
PARP15,PARP15
CRADD,CRADD
TMEM203,TMEM203
CKM,CKM
PALM,PALM
CTTNBP2,CTTNBP2
SSH3,SSH3
AGO4,AGO4
CTSH,CTSH
FXYD2,FXYD2
INSL3,INSL3
FAM182B,FAM182B
SIN3A,SIN3A
SLC25A30-AS1,SLC25A30-AS1
FSD1,FSD1
GBE1,GBE1
ARHGAP8,ARHGAP8
GPM6B,GPM6B
KIAA0319,KIAA0319
ARHGEF18,ARHGEF18
SMAD4,SMAD4
TTC32,TTC32
SNX18,SNX18
GAREM1,GAREM1
NTRK2,NTRK2
BEST1,BEST1
RAB37,RAB37
GPS2,GPS2
PHEX,PHEX
LRRC7,LRRC7
ADAMTS10,ADAMTS10
GPR141,GPR141
MRPS6,MRPS6
ITPR2,ITPR2
DAZAP2,DAZAP2
SLC14A1,SLC14A1
USP9Y,USP9Y
REM2,REM2
LIPC,LIPC
ESPN,ESPN
SLC2A6,SLC2A6
FMR1,FMR1
ASCC1,ASCC1
NFIB,NFIB
RGS3,RGS3
CDKL2,CDKL2
PAG1,PAG1
TMEM45B,TMEM45B
PDE3B,PDE3B
STYK1,STYK1
NBPF20,NBPF20
LILRA2,LILRA2
KIZ,KIZ
RRAS2,RRAS2
ERG,ERG
VIL1,VIL1
MIB2,MIB2
ITGA5,ITGA5
OSBPL5,OSBPL5
ZDHHC17,ZDHHC17
P2RY11,P2RY11
ARHGAP44,ARHGAP44
PITPNM2,PITPNM2
IDH1,IDH1
MSMO1,MSMO1
SLC44A1,SLC44A1
PELO,PELO
STAM,STAM
FAM13A,FAM13A
NAA35,NAA35
GMNN,GMNN
KCNJ10,KCNJ10
PCOLCE,PCOLCE
LEXM,LEXM
LRRC43,LRRC43
ALS2,ALS2
IRAK2,IRAK2
TRAPPC11,TRAPPC11
SETD1B,SETD1B
MSL1,MSL1
HAPLN3,HAPLN3
GALNTL6,GALNTL6
SMAGP,SMAGP
SMIM24,SMIM24
ZNF165,ZNF165
SLC35B2,SLC35B2
PLCH2,PLCH2
LINC00221,LINC00221
BEND4,BEND4
RNF19A,RNF19A
CCNL2,CCNL2
CDKN2C,CDKN2C
CRHBP,CRHBP
HNMT,HNMT
PIP4P2,PIP4P2
ANKRD36,ANKRD36
EPS8,EPS8
NATD1,NATD1
KRTCAP3,KRTCAP3
ZEB1,ZEB1
EDN3,EDN3
BCL2L11,BCL2L11
WDR3,WDR3
VSTM1,VSTM1
GNA13,GNA13
GAPT,GAPT
RINT1,RINT1
DAPP1,DAPP1
GNAO1,GNAO1
DUSP16,DUSP16
ZNF571,ZNF571
DGKE,DGKE
NEDD9,NEDD9
RHEBL1,RHEBL1
ZFP91,ZFP91
ADGRG6,ADGRG6
CYTH3,CYTH3
NINJ2,NINJ2
SLC7A7,SLC7A7
MTFP1,MTFP1
MAST3,MAST3
SMURF2,SMURF2
NFAM1,NFAM1
TMEM35B,TMEM35B
KLB,KLB
E2F1,E2F1
STRADB,STRADB
TCAP,TCAP
ZBTB38,ZBTB38
LINC01765,LINC01765
LGALS9C,LGALS9C
MRPS24,MRPS24
XAF1,XAF1
PLCXD2,PLCXD2
TGS1,TGS1
GOLGA8O,GOLGA8O
ICAM4,ICAM4
TNFSF8,TNFSF8
CDK6,CDK6
STARD3,STARD3
FLCN,FLCN
HSD17B2,HSD17B2
ABCC1,ABCC1
ABI3BP,ABI3BP
KCTD10,KCTD10
UHMK1,UHMK1
TIGD4,TIGD4
NPDC1,NPDC1
NRXN1,NRXN1
CLEC4G,CLEC4G
DNAJB9,DNAJB9
GREM1,GREM1
SLCO1A2,SLCO1A2
LDHA,LDHA
APOBR,APOBR
UPF3B,UPF3B
ITGAV,ITGAV
PLXDC1,PLXDC1
CCR3,CCR3
NAP1L2,NAP1L2
KRT18,KRT18
HIP1,HIP1
SLC30A2,SLC30A2
MORN3,MORN3
HIC1,HIC1
SERP2,SERP2
HIPK2,HIPK2
SOX8,SOX8
LRP10,LRP10
CDC14B,CDC14B
TGFBR1,TGFBR1
LY6E,LY6E
NFATC2,NFATC2
STMN3,STMN3
CREBRF,CREBRF
SNX13,SNX13
AGBL2,AGBL2
RNF10,RNF10
NEO1,NEO1
SYVN1,SYVN1
LINC00342,LINC00342
TET2,TET2
LINC02562,LINC02562
CCNF,CCNF
RAPGEF6,RAPGEF6
LRRC70,LRRC70
SEC14L2,SEC14L2
PTCH1,PTCH1
ABCA9,ABCA9
IPO8,IPO8
ASS1,ASS1
SMKR1,SMKR1
LAMB1,LAMB1
CCL25,CCL25
NSL1,NSL1
CYB561D1,CYB561D1
CLMP,CLMP
EPHB6,EPHB6
ZKSCAN2-DT,ZKSCAN2-DT
MAP3K11,MAP3K11
PTGIS,PTGIS
FGD3,FGD3
ADPRHL1,ADPRHL1
KCNAB1,KCNAB1
DSTYK,DSTYK
QRSL1,QRSL1
CD200R1,CD200R1
DNAJC3-DT,DNAJC3-DT
SPTLC2,SPTLC2
LAMB3,LAMB3
PHACTR2,PHACTR2
ST6GALNAC3,ST6GALNAC3
SHISA8,SHISA8
CCDC137,CCDC137
GMIP,GMIP
CYP19A1,CYP19A1
RCAN2,RCAN2
TAF2,TAF2
LSP1,LSP1
RERE,RERE
MANF,MANF
RNF43,RNF43
SARDH,SARDH
PROS1,PROS1
PAWR,PAWR
IGF2BP2,IGF2BP2
FLT4,FLT4
LINC02132,LINC02132
ARHGEF39,ARHGEF39
GPR174,GPR174
GRAMD2B,GRAMD2B
HOXA3,HOXA3
AVIL,AVIL
ZNF208,ZNF208
TLE5,TLE5
WDR86,WDR86
AGPAT4,AGPAT4
STAT1,STAT1
CALCRL,CALCRL
RAB43,RAB43
FXYD1,FXYD1
MCM3,MCM3
WDR59,WDR59
SUPV3L1,SUPV3L1
USP51,USP51
AKR1C2,AKR1C2
CASP5,CASP5
S1PR2,S1PR2
ZNF445,ZNF445
DEPTOR,DEPTOR
ARPC4,ARPC4
ITGB1-DT,ITGB1-DT
SYN3,SYN3
SLC22A15,SLC22A15
BRDT,BRDT
SCUBE1,SCUBE1
SERPINC1,SERPINC1
SEC61A2,SEC61A2
PITPNC1,PITPNC1
COLGALT2,COLGALT2
KCNAB2,KCNAB2
EPHA4,EPHA4
PLPP1,PLPP1
FHL3,FHL3
ADAD2,ADAD2
ZNF793,ZNF793
APOLD1,APOLD1
ILF3-DT,ILF3-DT
ABLIM1,ABLIM1
ACOT7,ACOT7
TPD52,TPD52
ITFG1,ITFG1
DCLRE1A,DCLRE1A
CCDC88B,CCDC88B
CCDC65,CCDC65
MND1,MND1
CCNG2,CCNG2
IGF2BP3,IGF2BP3
LAMA5,LAMA5
HTR2B,HTR2B
LINC01215,LINC01215
CYYR1,CYYR1
AGBL5,AGBL5
SLC10A1,SLC10A1
TGIF1,TGIF1
GSC,GSC
MXI1,MXI1
CD320,CD320
MOB3A,MOB3A
RPS2,RPS2
BORCS8,BORCS8
LLGL2,LLGL2
ZBTB32,ZBTB32
IFNL1,IFNL1
DGKZ,DGKZ
NTRK1,NTRK1
SLC16A11,SLC16A11
SBK1,SBK1
ANKRD10,ANKRD10
UBN1,UBN1
CP,CP
SAMD4B,SAMD4B
GAK,GAK
ST3GAL4,ST3GAL4
GDI1,GDI1
RAI2,RAI2
UTS2B,UTS2B
PCLO,PCLO
NMT2,NMT2
HAVCR1,HAVCR1
DNAH8,DNAH8
TRIM25,TRIM25
MTF1,MTF1
SYTL1,SYTL1
PRRG2,PRRG2
EIF4G3,EIF4G3
DRAM1,DRAM1
FAM20A,FAM20A
LINC01684,LINC01684
PTGFRN,PTGFRN
ARL6IP1,ARL6IP1
CDK5RAP2,CDK5RAP2
MBD6,MBD6
LINC02731,LINC02731
SPATS2,SPATS2
ZC3H11A,ZC3H11A
DPF3,DPF3
SH2D3A,SH2D3A
RAD51AP1,RAD51AP1
REXO2,REXO2
ZNF598,ZNF598
LDHB,LDHB
MED12,MED12
SORCS2,SORCS2
PPFIA1,PPFIA1
RNF213,RNF213
UHRF2,UHRF2
VIT,VIT
BCAS4,BCAS4
KLF14,KLF14
LIMS2,LIMS2
SLC26A2,SLC26A2
HEATR9,HEATR9
LAMA2,LAMA2
TPST2,TPST2
SLC6A20,SLC6A20
GPR82,GPR82
EIF4E3,EIF4E3
XK,XK
CMKLR1,CMKLR1
MITF,MITF
GIPR,GIPR
SPTB,SPTB
RPL36A,RPL36A
LINC01970,LINC01970
ARHGEF26,ARHGEF26
FCHSD1,FCHSD1
RSPH3,RSPH3
KPNA1,KPNA1
FAS,FAS
FPGS,FPGS
ERCC5,ERCC5
GPAM,GPAM
CDK16,CDK16
ZNF829,ZNF829
CENPK,CENPK
GPC3,GPC3
CASZ1,CASZ1
CDHR2,CDHR2
BFSP2,BFSP2
ANXA2R,ANXA2R
FAM167B,FAM167B
AFAP1L2,AFAP1L2
MICU1,MICU1
MAP3K2-DT,MAP3K2-DT
KCNQ3,KCNQ3
ARPC5,ARPC5
ANKRD18A,ANKRD18A
CFAP45,CFAP45
RIPK2,RIPK2
CD1D,CD1D
ZNF891,ZNF891
VSTM2B,VSTM2B
E2F8,E2F8
REEP2,REEP2
ZNF143,ZNF143
PTMA,PTMA
TRPC3,TRPC3
NFKB2,NFKB2
SLC35E3,SLC35E3
GNPDA1,GNPDA1
KDM6A,KDM6A
NLRX1,NLRX1
OLFML2B,OLFML2B
PRKCQ,PRKCQ
CRY1,CRY1
NETO2,NETO2
HERC2,HERC2
CTDP1,CTDP1
HMCES,HMCES
KCNK6,KCNK6
GPX2,GPX2
SPTBN4,SPTBN4
CARD11,CARD11
EPB41L2,EPB41L2
PNMA5,PNMA5
ZNF600,ZNF600
ZBTB20,ZBTB20
TAL2,TAL2
TWIST2,TWIST2
DEPDC1B,DEPDC1B
OPTN,OPTN
ASB2,ASB2
NAPB,NAPB
ZBTB7B,ZBTB7B
AGTPBP1,AGTPBP1
MAPK8IP3,MAPK8IP3
AFF2,AFF2
GCNT1,GCNT1
SPATS2L,SPATS2L
PHGDH,PHGDH
BFSP1,BFSP1
OTOF,OTOF
FAM8A1,FAM8A1
ZNF667-AS1,ZNF667-AS1
PTGDR2,PTGDR2
CHD9,CHD9
ARAP3,ARAP3
LMCD1,LMCD1
COL18A1,COL18A1
E2F3,E2F3
EDAR,EDAR
NGFR,NGFR
SMG9,SMG9
UGT8,UGT8
RPL27A,RPL27A
LINC01993,LINC01993
ATP8A1,ATP8A1
DDX43,DDX43
PLVAP,PLVAP
RASSF4,RASSF4
PHIP,PHIP
MEG8,MEG8
ZNF365,ZNF365
NKX3-1,NKX3-1
CFAP20,CFAP20
CCDC171,CCDC171
RGS20,RGS20
CALR,CALR
SGPP2,SGPP2
COL4A3,COL4A3
GIMAP4,GIMAP4
DSCR9,DSCR9
LINGO4,LINGO4
LRIG1,LRIG1
WDR74,WDR74
ETV1,ETV1
LMO2,LMO2
NCK2,NCK2
PDE7A,PDE7A
POLG2,POLG2
RBP5,RBP5
IL17RD,IL17RD
METTL22,METTL22
PLSCR1,PLSCR1
TVP23A,TVP23A
TDRD15,TDRD15
AXIN2,AXIN2
MSC,MSC
GPRIN3,GPRIN3
CYB561A3,CYB561A3
MAP2K1,MAP2K1
RMI2,RMI2
ZNF667,ZNF667
ZDHHC23,ZDHHC23
HIP1R,HIP1R
S1PR3,S1PR3
UBR2,UBR2
DNMT3B,DNMT3B
CDK5R1,CDK5R1
TRIB3,TRIB3
APP,APP
CLCN5,CLCN5
POLR2J2,POLR2J2
CNFN,CNFN
PLEKHB1,PLEKHB1
SERPINB8,SERPINB8
ZNF281,ZNF281
LDLRAP1,LDLRAP1
SLC26A5,SLC26A5
SIDT1,SIDT1
BEX2,BEX2
PLEKHO1,PLEKHO1
PDXP,PDXP
SARM1,SARM1
ACVR2B,ACVR2B
TMED8,TMED8
ARHGEF12,ARHGEF12
CNTN2,CNTN2
ZNF827,ZNF827
GRAMD1C,GRAMD1C
RIC3,RIC3
KCNH8,KCNH8
PALLD,PALLD
LXN,LXN
SAG,SAG
TMEM38A,TMEM38A
NDRG2,NDRG2
LINC00309,LINC00309
PTK2B,PTK2B
PCAT1,PCAT1
CRIM1,CRIM1
BOD1L1,BOD1L1
LIX1-AS1,LIX1-AS1
TMX4,TMX4
NEK1,NEK1
PHF20L1,PHF20L1
MMUT,MMUT
FCHO2,FCHO2
PACSIN2,PACSIN2
NUDT4,NUDT4
HEG1,HEG1
MLLT3,MLLT3
NR1D1,NR1D1
SIRPA,SIRPA
LCP2,LCP2
NUDT11,NUDT11
TMEM171,TMEM171
MAD2L2,MAD2L2
LILRB1,LILRB1
PRSS22,PRSS22
DTX3,DTX3
MFN2,MFN2
ADAMTS6,ADAMTS6
CARNS1,CARNS1
NEK9,NEK9
DBN1,DBN1
MGAT5,MGAT5
LINC02696,LINC02696
HOXB4,HOXB4
LMBRD1,LMBRD1
CD244,CD244
USP28,USP28
LINC01686,LINC01686
LYL1,LYL1
NPIPB11,NPIPB11
LINC02202,LINC02202
ARNT2,ARNT2
SLC8B1,SLC8B1
ADGRE3,ADGRE3
PLA2G4B,PLA2G4B
MFN1,MFN1
RBM22,RBM22
SBSPON,SBSPON
ZNF106,ZNF106
LINC00623,LINC00623
HNRNPA1L2,HNRNPA1L2
CTNNAL1,CTNNAL1
SYNE4,SYNE4
CXXC4,CXXC4
GALNT7,GALNT7
TRAF5,TRAF5
SYNJ2,SYNJ2
FBXO2,FBXO2
RNF157,RNF157
AOC1,AOC1
LINC01725,LINC01725
CHIC1,CHIC1
PPP4R3A,PPP4R3A
EBF4,EBF4
MDM1,MDM1
COL9A3,COL9A3
ABLIM2,ABLIM2
LINC02325,LINC02325
MICAL3,MICAL3
CCNE2,CCNE2
RAB3IP,RAB3IP
LINC01220,LINC01220
DLGAP1,DLGAP1
ARAP2,ARAP2
METTL8,METTL8
TCAF2,TCAF2
ZCCHC18,ZCCHC18
RALB,RALB
ARID5A,ARID5A
STX4,STX4
CCDC146,CCDC146
PRRG4,PRRG4
PRRT1,PRRT1
CCL28,CCL28
FALEC,FALEC
MS4A4E,MS4A4E
NLRC3,NLRC3
AP4B1,AP4B1
LINC02848,LINC02848
IFT57,IFT57
PBXIP1,PBXIP1
CHAF1B,CHAF1B
RASAL1,RASAL1
NIN,NIN
ZNF778,ZNF778
MAP1LC3B,MAP1LC3B
CACNA1A,CACNA1A
NIPAL4,NIPAL4
CD34,CD34
ANP32A,ANP32A
MRPL18,MRPL18
MSH6,MSH6
SHANK3,SHANK3
TBC1D8,TBC1D8
NOCT,NOCT
SYNGR2,SYNGR2
TNRC6C,TNRC6C
MOXD1,MOXD1
RPAP2,RPAP2
COL27A1,COL27A1
JAK3,JAK3
PDE2A,PDE2A
LINC00426,LINC00426
C2CD4D,C2CD4D
MAP4K5,MAP4K5
TCEA3,TCEA3
TTLL10,TTLL10
SH3YL1,SH3YL1
AP3B2,AP3B2
A4GALT,A4GALT
KIF21B,KIF21B
TMEM67,TMEM67
MIR3142HG,MIR3142HG
ZFYVE28,ZFYVE28
TPT1,TPT1
CYFIP2,CYFIP2
SETBP1,SETBP1
COL4A2,COL4A2
TBXAS1,TBXAS1
TSPAN3,TSPAN3
FAM169A,FAM169A
EVI5,EVI5
LY96,LY96
PTPN3,PTPN3
HOXA10,HOXA10
LAP3,LAP3
SLC27A2,SLC27A2
CBX4,CBX4
LEPROTL1,LEPROTL1
ATP8B2,ATP8B2
LINC00494,LINC00494
FKBP7,FKBP7
CLSTN3,CLSTN3
GHET1,GHET1
PICK1,PICK1
PPP1R15B,PPP1R15B
DPH1,DPH1
CLDND1,CLDND1
P2RY1,P2RY1
ADAM9,ADAM9
ME3,ME3
SDHAF2,SDHAF2
ANKRD54,ANKRD54
ARVCF,ARVCF
CHFR,CHFR
ATP2B4,ATP2B4
RCL1,RCL1
CTH,CTH
SPDYE3,SPDYE3
SREK1,SREK1
PRCD,PRCD
FAM166B,FAM166B
GDF7,GDF7
LINC00298,LINC00298
MED31,MED31
SNTG2,SNTG2
SPDYA,SPDYA
ST6GALNAC1,ST6GALNAC1
RPS15A,RPS15A
GOLGA6L9,GOLGA6L9
LINC00954,LINC00954
LINC02754,LINC02754
CARMIL3,CARMIL3
NOG,NOG
NUP210L,NUP210L
ASAP2,ASAP2
PKHD1L1,PKHD1L1
TTC22,TTC22
FAM217B,FAM217B
TESC,TESC
NPR3,NPR3
PLEKHA1,PLEKHA1
RAB11FIP1,RAB11FIP1
P2RX5-TAX1BP3,P2RX5-TAX1BP3
LINC02288,LINC02288
ZNF853,ZNF853
PIWIL2,PIWIL2
CCDC28B,CCDC28B
SMIM22,SMIM22
RSU1,RSU1
ATAD5,ATAD5
LPCAT1,LPCAT1
MSI2,MSI2
ZNF117,ZNF117
SLC26A6,SLC26A6
ZNF92,ZNF92
CHCHD6,CHCHD6
NCEH1,NCEH1
WNT10A,WNT10A
TSACC,TSACC
AGL,AGL
ELOVL4,ELOVL4
PILRB,PILRB
GLIPR1L2,GLIPR1L2
SVIP,SVIP
MYBPC2,MYBPC2
SLC2A14,SLC2A14
FKBP1A,FKBP1A
SAMMSON,SAMMSON
TOPBP1,TOPBP1
ZBTB48,ZBTB48
COL4A4,COL4A4
LINC01588,LINC01588
ARHGEF25,ARHGEF25
NR5A2,NR5A2
ZNF490,ZNF490
L1CAM,L1CAM
ADAMTS5,ADAMTS5
PPP1R3D,PPP1R3D
KIAA1671,KIAA1671
ZNF860,ZNF860
HAP1,HAP1
PDK3,PDK3
CMSS1,CMSS1
BRAP,BRAP
ARHGAP12,ARHGAP12
CLEC11A,CLEC11A
RANBP10,RANBP10
SMCHD1,SMCHD1
RPS6KA5,RPS6KA5
SPN,SPN
KL,KL
LINC02739,LINC02739
SHTN1,SHTN1
TTK,TTK
CERNA1,CERNA1
SENP2,SENP2
SYCP3,SYCP3
PTPN12,PTPN12
ATP11A,ATP11A
RAD51,RAD51
MAT2A,MAT2A
TMEM30B,TMEM30B
PM20D1,PM20D1
ITM2B,ITM2B
RAB3D,RAB3D
SLC16A1,SLC16A1
BEST4,BEST4
MEX3C,MEX3C
CCR5,CCR5
FBF1,FBF1
SYT1,SYT1
WWC1,WWC1
LEAP2,LEAP2
COBL,COBL
SLC30A4,SLC30A4
SYNGR1,SYNGR1
PLEKHH2,PLEKHH2
PRKD2,PRKD2
NMU,NMU
MYH9,MYH9
PLA2G12A,PLA2G12A
HMGN5,HMGN5
FURIN,FURIN
TBC1D32,TBC1D32
GXYLT1,GXYLT1
RALGDS,RALGDS
ZNF584,ZNF584
APBB1,APBB1
PRICKLE1,PRICKLE1
ITLN1,ITLN1
DDR2,DDR2
HLA-DOA,HLA-DOA
TPBG,TPBG
MYO1G,MYO1G
CNP,CNP
HOXB3,HOXB3
SYBU,SYBU
LINGO3,LINGO3
TNFRSF11A,TNFRSF11A
GLS2,GLS2
FANCD2,FANCD2
RNPC3,RNPC3
CD99L2,CD99L2
SGSM1,SGSM1
PLEKHG6,PLEKHG6
TACC3,TACC3
PLEKHA5,PLEKHA5
AGO2,AGO2
MAPK6,MAPK6
UBE2J1,UBE2J1
PLXNA4,PLXNA4
RUSC2,RUSC2
ZBED6,ZBED6
CCAR1,CCAR1
MAP3K20,MAP3K20
CLEC16A,CLEC16A
EVPL,EVPL
RNASE4,RNASE4
EXPH5,EXPH5
STARD9,STARD9
LINC00243,LINC00243
SYT5,SYT5
ZNF727,ZNF727
DUSP14,DUSP14
RILPL2,RILPL2
GM2A,GM2A
PRSS3,PRSS3
CNOT6L,CNOT6L
INTS5,INTS5
MTERF2,MTERF2
TM4SF19,TM4SF19
ZNF627,ZNF627
HELB,HELB
CAST,CAST
RPS8,RPS8
EML4,EML4
MYD88,MYD88
WFDC1,WFDC1
S100A2,S100A2
REG4,REG4
LINC02086,LINC02086
CALHM5,CALHM5
FOXD2,FOXD2
PPP2R3A,PPP2R3A
SYCE1,SYCE1
GPRASP1,GPRASP1
ANKRD31,ANKRD31
CENPL,CENPL
NEB,NEB
ADCY3,ADCY3
STARD4,STARD4
EMP3,EMP3
TAF11,TAF11
CMIP,CMIP
MIA,MIA
PLCL1,PLCL1
APEX2,APEX2
FRMPD3,FRMPD3
PIAS2,PIAS2
B3GAT2,B3GAT2
FAM222A,FAM222A
SCN2A,SCN2A
SRXN1,SRXN1
ARRB2,ARRB2
ZFR2,ZFR2
FLT3,FLT3
GSAP,GSAP
TMPRSS3,TMPRSS3
ZC3H6,ZC3H6
P3H4,P3H4
ATP7A,ATP7A
OBSCN,OBSCN
LRRC2,LRRC2
ZNF711,ZNF711
SP140,SP140
ARPC1B,ARPC1B
FGF18,FGF18
PAM,PAM
EVA1C,EVA1C
CDC42BPG,CDC42BPG
HSPA4L,HSPA4L
MLXIPL,MLXIPL
PPP4R1,PPP4R1
PPM1K-DT,PPM1K-DT
KDM4B,KDM4B
SCYL2,SCYL2
TRIM17,TRIM17
ABCC4,ABCC4
NUAK2,NUAK2
SH2B3,SH2B3
EMILIN2,EMILIN2
OLFM2,OLFM2
LINC02328,LINC02328
ZNF346,ZNF346
RAB36,RAB36
OXT,OXT
FZD3,FZD3
ATG9A,ATG9A
RHBDD2,RHBDD2
VAV3,VAV3
ZNF611,ZNF611
RPL22L1,RPL22L1
ADHFE1,ADHFE1
TP53INP2,TP53INP2
NLRC4,NLRC4
ITGAL,ITGAL
CHRNA5,CHRNA5
CSNK1E,CSNK1E
GPR132,GPR132
PLAAT3,PLAAT3
LIMCH1,LIMCH1
RXRA,RXRA
ADGRG5,ADGRG5
AP1S3,AP1S3
SYNPO2,SYNPO2
ANKHD1-EIF4EBP3,ANKHD1-EIF4EBP3
DNAJC5B,DNAJC5B
LINC02218,LINC02218
ZNF277,ZNF277
KLHL4,KLHL4
LINC00910,LINC00910
TMEM71,TMEM71
FAM161A,FAM161A
YTHDF3,YTHDF3
RRBP1,RRBP1
STX19,STX19
GBP4,GBP4
FOSL1,FOSL1
NFIA,NFIA
GLI1,GLI1
GCNA,GCNA
VAT1,VAT1
TBPL1,TBPL1
LRRFIP2,LRRFIP2
TNNT3,TNNT3
MYO16,MYO16
NDUFA4L2,NDUFA4L2
TNR,TNR
WWC3,WWC3
BIN2,BIN2
LINC01465,LINC01465
ZNF107,ZNF107
JADE3,JADE3
PRPS2,PRPS2
SPEF2,SPEF2
EPHX2,EPHX2
DLL3,DLL3
LINC01685,LINC01685
HSPA12A,HSPA12A
ANKDD1B,ANKDD1B
TNS2,TNS2
USP44,USP44
PAK6,PAK6
SERHL2,SERHL2
FAM219A,FAM219A
ZBTB17,ZBTB17
B3GNT2,B3GNT2
PYCARD,PYCARD
RNF145,RNF145
NUPR2,NUPR2
VSIG8,VSIG8
RFX2,RFX2
PLCE1,PLCE1
RBBP8,RBBP8
RNF212,RNF212
CAP1,CAP1
TBC1D19,TBC1D19
PAK3,PAK3
PDE4DIP,PDE4DIP
PPP1R10,PPP1R10
RLN2,RLN2
BSPRY,BSPRY
TMEM192,TMEM192
COG6,COG6
GTF2H5,GTF2H5
HMHB1,HMHB1
PVT1,PVT1
STRADA,STRADA
KCND3,KCND3
DNHD1,DNHD1
DLG3,DLG3
PROZ,PROZ
PDZD8,PDZD8
ZNF462,ZNF462
LNX1,LNX1
FMNL2,FMNL2
SDR42E2,SDR42E2
GIMAP6,GIMAP6
OTUD7A,OTUD7A
RNASEH2A,RNASEH2A
GDF10,GDF10
HCG27,HCG27
DRC7,DRC7
IGFLR1,IGFLR1
CERCAM,CERCAM
TBC1D3D,TBC1D3D
CA8,CA8
SNX25,SNX25
RAD9A,RAD9A
SCPEP1,SCPEP1
SLC44A3,SLC44A3
LINC01597,LINC01597
TARS2,TARS2
RASGRF2,RASGRF2
GPI,GPI
TNFRSF21,TNFRSF21
KDM2B-DT,KDM2B-DT
CTBP2,CTBP2
ERFE,ERFE
MRTFA,MRTFA
GIMAP2,GIMAP2
PART1,PART1
TAF4B,TAF4B
MEOX1,MEOX1
FOXO1,FOXO1
ERVK3-1,ERVK3-1
PFN1,PFN1
PHLDB1,PHLDB1
SEPTIN11,SEPTIN11
S1PR4,S1PR4
PCDHGA5,PCDHGA5
GOLGA8R,GOLGA8R
SNCG,SNCG
CASP3,CASP3
ABHD3,ABHD3
MAP7D3,MAP7D3
SCIMP,SCIMP
ST6GAL1,ST6GAL1
PCDHGB6,PCDHGB6
TBKBP1,TBKBP1
NUGGC,NUGGC
GPR137C,GPR137C
CARHSP1,CARHSP1
KIF3A,KIF3A
ULBP3,ULBP3
KCNQ1,KCNQ1
FFAR1,FFAR1
NINL,NINL
LRP12,LRP12
DNASE1,DNASE1
THEM4,THEM4
ABHD17C,ABHD17C
IRAK4,IRAK4
RAP1GAP2,RAP1GAP2
RFESD,RFESD
ZNF250,ZNF250
ZNF703,ZNF703
MFGE8,MFGE8
ACVR1C,ACVR1C
SHISAL2A,SHISAL2A
TENT5B,TENT5B
GATA6,GATA6
NPTXR,NPTXR
RBM23,RBM23
FGF22,FGF22
CDH20,CDH20
CATSPERB,CATSPERB
ZNF563,ZNF563
GKAP1,GKAP1
LINC01635,LINC01635
SHARPIN,SHARPIN
GCLC,GCLC
DDX42,DDX42
WASIR2,WASIR2
GNG3,GNG3
SERPINB9P1,SERPINB9P1
SPRED1,SPRED1
ANTXR2,ANTXR2
C8G,C8G
ZC3H12D,ZC3H12D
LINC01374,LINC01374
FBXL22,FBXL22
MCM5,MCM5
DDHD2,DDHD2
ACP6,ACP6
ITPRIPL1,ITPRIPL1
CKAP2,CKAP2
LINC02851,LINC02851
ZNF540,ZNF540
MTMR12,MTMR12
ZNF595,ZNF595
TRIM34,TRIM34
TRA2B,TRA2B
PBK,PBK
USP32,USP32
CXXC5,CXXC5
APOBEC3F,APOBEC3F
LRATD2,LRATD2
RYBP,RYBP
PROX2,PROX2
ZNF267,ZNF267
RABEP2,RABEP2
S100PBP,S100PBP
TMEM98,TMEM98
ZNF431,ZNF431
SOX7,SOX7
RACGAP1,RACGAP1
VWDE,VWDE
DENND2A,DENND2A
ANKZF1,ANKZF1
SNN,SNN
SLC20A1,SLC20A1
RAD50,RAD50
FSIP1,FSIP1
LINC00877,LINC00877
CACNG8,CACNG8
MMP11,MMP11
CMTM6,CMTM6
WDR35,WDR35
ENAH,ENAH
ABHD15,ABHD15
ITPR1,ITPR1
HKDC1,HKDC1
NOMO2,NOMO2
PPFIBP1,PPFIBP1
LOXL2,LOXL2
AP1G1,AP1G1
ENOSF1,ENOSF1
DNAH10,DNAH10
MCM2,MCM2
CELA1,CELA1
ITGB7,ITGB7
CMTM1,CMTM1
ZBTB20-AS5,ZBTB20-AS5
CLIC2,CLIC2
BBS1,BBS1
TMEM263,TMEM263
SNX15,SNX15
RAPGEF2,RAPGEF2
ANKRD26,ANKRD26
MYDGF,MYDGF
CAPS,CAPS
SLC35D3,SLC35D3
PNMA1,PNMA1
MAP3K9,MAP3K9
DHRS13,DHRS13
PPP3CB,PPP3CB
SESN2,SESN2
PRRT2,PRRT2
COPG1,COPG1
SLC6A16,SLC6A16
GNAI3,GNAI3
MATN1,MATN1
EFHC2,EFHC2
STIMATE,STIMATE
ADRA2B,ADRA2B
WNT5A,WNT5A
PTPRN2,PTPRN2
TMOD1,TMOD1
RETREG1,RETREG1
XKR4,XKR4
ACLY,ACLY
SFXN5,SFXN5
ZMYND10,ZMYND10
RGN,RGN
SSTR2,SSTR2
MAX,MAX
DRC3,DRC3
NME1,NME1
NXPE3,NXPE3
LRRC32,LRRC32
SLC31A2,SLC31A2
RAMP2,RAMP2
LINC02595,LINC02595
ITPKB,ITPKB
TMEM205,TMEM205
CYP3A5,CYP3A5
FAM153CP,FAM153CP
MTTP,MTTP
DBF4,DBF4
PIGM,PIGM
LPAR5,LPAR5
PTTG1IP,PTTG1IP
PITX1,PITX1
RNF31,RNF31
ZNF318,ZNF318
ADRB1,ADRB1
BRMS1,BRMS1
MIR9-3HG,MIR9-3HG
SLC12A2,SLC12A2
ZMIZ2,ZMIZ2
RFTN2,RFTN2
SOGA3,SOGA3
PATJ,PATJ
LINC00663,LINC00663
PRKCA,PRKCA
FANCI,FANCI
CLEC4A,CLEC4A
RAB20,RAB20
FBXL13,FBXL13
RIMKLB,RIMKLB
SAXO2,SAXO2
ACSM1,ACSM1
GALNT8,GALNT8
CCNL1,CCNL1
NAP1L5,NAP1L5
DENND5B,DENND5B
ARL15,ARL15
CFDP1,CFDP1
TTTY10,TTTY10
UNG,UNG
NDRG4,NDRG4
TPRG1,TPRG1
RABGAP1L-DT,RABGAP1L-DT
TCTN1,TCTN1
SRGAP3,SRGAP3
DIRAS1,DIRAS1
ZNF709,ZNF709
NR1H3,NR1H3
TMEM106C,TMEM106C
ACAD9,ACAD9
CAPN5,CAPN5
ZBTB37,ZBTB37
MCM6,MCM6
PECR,PECR
LCORL,LCORL
LINC00324,LINC00324
NFATC1,NFATC1
RAB4B,RAB4B
CNKSR2,CNKSR2
PARD6B,PARD6B
